timestamp,instance,algorithm,best_objective,best_distance,time_violation,capacity_violation,vehicle_violation,routes,runtime_ms,solutions_evaluated,generated_relocate,generated_swap,generated_noop,penalty_weight,enforce_time_windows,max_vehicles,parameters
2026-04-22 17:18:14,data101.vrp,SA,2012.222899790244,2012.222899790244,0.0,0.0,0.0,25,199,30001,30000,0,0,1000.0,True,2147483647,iterations=30000; seed=66571993099; initialTemp=500.0; coolingRate=0.9995; interNeighborhoodType=relocate; intraNeighborhoodType=relocate; vehicleLimit=2147483647
2026-04-22 19:46:00,data101.vrp,SA,1128.6459048012323,1128.6459048012323,15171.367422795964,0.0,0.0,8,84,30001,30000,0,0,1000.0,False,2147483647,iterations=30000; seed=66571993098; initialTemp=1250.0; coolingRate=0.9993; interNeighborhoodType=relocate; intraNeighborhoodType=relocate; vehicleLimit=2147483647
2026-04-27 22:08:07,data101.vrp,SA,2279.760816260458,2279.760816260458,0.0,0.0,0.0,28,60,10001,10000,0,0,1000.0,True,2147483647,iterations=10000; seed=66571993102; initialTemp=1250.0; coolingRate=0.9993; interNeighborhoodType=relocate; intraNeighborhoodType=relocate; vehicleLimit=2147483647
2026-04-27 22:08:07,data101.vrp,SA,1929.6851118738407,1929.6851118738407,0.0,0.0,0.0,25,95,30001,30000,0,0,1000.0,True,2147483647,iterations=30000; seed=66571993102; initialTemp=1250.0; coolingRate=0.9993; interNeighborhoodType=relocate; intraNeighborhoodType=relocate; vehicleLimit=2147483647
2026-04-27 22:08:08,data101.vrp,SA,1853.490025496456,1853.490025496456,0.0,0.0,0.0,24,210,100001,100000,0,0,1000.0,True,2147483647,iterations=100000; seed=66571993102; initialTemp=1250.0; coolingRate=0.9993; interNeighborhoodType=relocate; intraNeighborhoodType=relocate; vehicleLimit=2147483647
2026-04-27 22:41:35,data101.vrp,SA,1577.635748500078,1577.635748500078,17833.489270475755,0.0,0.0,8,49,10001,10000,0,0,1000.0,False,2147483647,iterations=10000; seed=66571993158; initialTemp=1250.0; coolingRate=0.9993; interNeighborhoodType=relocate; intraNeighborhoodType=relocate; vehicleLimit=2147483647
2026-04-27 22:41:36,data101.vrp,SA,1160.4310775893912,1160.4310775893912,14752.671663319976,0.0,0.0,8,77,30001,30000,0,0,1000.0,False,2147483647,iterations=30000; seed=66571993158; initialTemp=1250.0; coolingRate=0.9993; interNeighborhoodType=relocate; intraNeighborhoodType=relocate; vehicleLimit=2147483647
2026-04-27 22:41:36,data101.vrp,SA,1062.5005857144215,1062.5005857144215,13829.98574541856,0.0,0.0,8,170,100001,100000,0,0,1000.0,False,2147483647,iterations=100000; seed=66571993158; initialTemp=1250.0; coolingRate=0.9993; interNeighborhoodType=relocate; intraNeighborhoodType=relocate; vehicleLimit=2147483647
2026-04-27 23:02:21,data101.vrp,SA,2529.8095234661446,2529.8095234661446,0.0,0.0,0.0,29,47,10001,10000,0,0,1000.0,True,2147483647,iterations=10000; seed=66571993158; initialTemp=1250.0; coolingRate=0.9993; interNeighborhoodType=relocate; intraNeighborhoodType=relocate; vehicleLimit=2147483647
2026-04-27 23:02:22,data101.vrp,SA,1984.3151225282395,1984.3151225282395,0.0,0.0,0.0,25,97,30001,30000,0,0,1000.0,True,2147483647,iterations=30000; seed=66571993158; initialTemp=1250.0; coolingRate=0.9993; interNeighborhoodType=relocate; intraNeighborhoodType=relocate; vehicleLimit=2147483647
2026-04-27 23:02:22,data101.vrp,SA,1825.8165039680848,1825.8165039680848,0.0,0.0,0.0,24,217,100001,100000,0,0,1000.0,True,2147483647,iterations=100000; seed=66571993158; initialTemp=1250.0; coolingRate=0.9993; interNeighborhoodType=relocate; intraNeighborhoodType=relocate; vehicleLimit=2147483647
2026-04-27 23:33:36,data101.vrp,SA,1518.3797905824008,1518.3797905824008,14517.87253773685,0.0,0.0,8,56,10001,10000,0,0,1000.0,False,2147483647,iterations=10000; seed=66571993159; initialTemp=1250.0; coolingRate=0.9993; interNeighborhoodType=relocate; intraNeighborhoodType=relocate; vehicleLimit=2147483647
2026-04-22 19:46:01,data101.vrp,SA,1071.91270895579,1071.91270895579,14913.64497771768,0.0,0.0,8,84,30001,30000,0,0,1000.0,False,2147483647,iterations=30000; seed=66571993098; initialTemp=1250.0; coolingRate=0.9995; interNeighborhoodType=relocate; intraNeighborhoodType=relocate; vehicleLimit=2147483647
2026-04-27 23:33:36,data101.vrp,SA,1024.1973932987466,1024.1973932987466,15133.90995975546,0.0,0.0,8,94,30001,30000,0,0,1000.0,False,2147483647,iterations=30000; seed=66571993159; initialTemp=1250.0; coolingRate=0.9993; interNeighborhoodType=relocate; intraNeighborhoodType=relocate; vehicleLimit=2147483647
2026-04-27 23:33:37,data101.vrp,SA,927.6670186166428,927.6670186166428,12024.66242580726,0.0,0.0,8,164,100001,100000,0,0,1000.0,False,2147483647,iterations=100000; seed=66571993159; initialTemp=1250.0; coolingRate=0.9993; interNeighborhoodType=relocate; intraNeighborhoodType=relocate; vehicleLimit=2147483647
2026-04-27 23:53:08,data101.vrp,SA,2438.5695502446574,2438.5695502446574,0.0,0.0,0.0,28,53,10001,10000,0,0,1000.0,True,2147483647,iterations=10000; seed=66571993159; initialTemp=1250.0; coolingRate=0.9993; interNeighborhoodType=relocate; intraNeighborhoodType=relocate; vehicleLimit=2147483647
2026-04-27 23:53:08,data101.vrp,SA,1943.0295292120995,1943.0295292120995,0.0,0.0,0.0,23,81,30001,30000,0,0,1000.0,True,2147483647,iterations=30000; seed=66571993159; initialTemp=1250.0; coolingRate=0.9993; interNeighborhoodType=relocate; intraNeighborhoodType=relocate; vehicleLimit=2147483647
2026-04-27 23:53:09,data101.vrp,SA,1832.998864454444,1832.998864454444,0.0,0.0,0.0,22,210,100001,100000,0,0,1000.0,True,2147483647,iterations=100000; seed=66571993159; initialTemp=1250.0; coolingRate=0.9993; interNeighborhoodType=relocate; intraNeighborhoodType=relocate; vehicleLimit=2147483647
2026-04-28 00:25:19,data101.vrp,SA,1587.148672784908,1587.148672784908,18484.474303086376,0.0,0.0,8,47,10001,10000,0,0,1000.0,False,2147483647,iterations=10000; seed=66571993160; initialTemp=1250.0; coolingRate=0.9993; interNeighborhoodType=relocate; intraNeighborhoodType=relocate; vehicleLimit=2147483647
2026-04-28 00:25:19,data101.vrp,SA,1171.308347106847,1171.308347106847,14727.77972772118,0.0,0.0,8,77,30001,30000,0,0,1000.0,False,2147483647,iterations=30000; seed=66571993160; initialTemp=1250.0; coolingRate=0.9993; interNeighborhoodType=relocate; intraNeighborhoodType=relocate; vehicleLimit=2147483647
2026-04-28 00:25:20,data101.vrp,SA,1053.1109513176195,1053.1109513176195,14550.862235051016,0.0,0.0,8,175,100001,100000,0,0,1000.0,False,2147483647,iterations=100000; seed=66571993160; initialTemp=1250.0; coolingRate=0.9993; interNeighborhoodType=relocate; intraNeighborhoodType=relocate; vehicleLimit=2147483647
2026-04-28 00:45:30,data101.vrp,SA,2399.537462011285,2399.537462011285,0.0,0.0,0.0,27,49,10001,10000,0,0,1000.0,True,2147483647,iterations=10000; seed=66571993160; initialTemp=1250.0; coolingRate=0.9993; interNeighborhoodType=relocate; intraNeighborhoodType=relocate; vehicleLimit=2147483647
2026-04-28 00:45:30,data101.vrp,SA,2002.646769532648,2002.646769532648,0.0,0.0,0.0,23,107,30001,30000,0,0,1000.0,True,2147483647,iterations=30000; seed=66571993160; initialTemp=1250.0; coolingRate=0.9993; interNeighborhoodType=relocate; intraNeighborhoodType=relocate; vehicleLimit=2147483647
2026-04-22 19:46:01,data101.vrp,SA,1235.4350234613469,1235.4350234613469,15271.618187781623,0.0,0.0,8,84,30001,30000,0,0,1000.0,False,2147483647,iterations=30000; seed=66571993098; initialTemp=1250.0; coolingRate=0.9997; interNeighborhoodType=relocate; intraNeighborhoodType=relocate; vehicleLimit=2147483647
2026-04-28 00:45:31,data101.vrp,SA,1909.0423130173856,1909.0423130173856,0.0,0.0,0.0,22,203,100001,100000,0,0,1000.0,True,2147483647,iterations=100000; seed=66571993160; initialTemp=1250.0; coolingRate=0.9993; interNeighborhoodType=relocate; intraNeighborhoodType=relocate; vehicleLimit=2147483647
2026-04-28 01:16:39,data101.vrp,SA,1473.7356104149874,1473.7356104149874,16592.56293381001,0.0,0.0,8,63,10001,10000,0,0,1000.0,False,2147483647,iterations=10000; seed=66571993161; initialTemp=1250.0; coolingRate=0.9993; interNeighborhoodType=relocate; intraNeighborhoodType=relocate; vehicleLimit=2147483647
2026-04-28 01:16:39,data101.vrp,SA,1086.2219164611304,1086.2219164611304,14176.532524631602,0.0,0.0,8,79,30001,30000,0,0,1000.0,False,2147483647,iterations=30000; seed=66571993161; initialTemp=1250.0; coolingRate=0.9993; interNeighborhoodType=relocate; intraNeighborhoodType=relocate; vehicleLimit=2147483647
2026-04-28 01:16:40,data101.vrp,SA,1016.830901676539,1016.830901676539,13602.027100228286,0.0,0.0,8,177,100001,100000,0,0,1000.0,False,2147483647,iterations=100000; seed=66571993161; initialTemp=1250.0; coolingRate=0.9993; interNeighborhoodType=relocate; intraNeighborhoodType=relocate; vehicleLimit=2147483647
2026-04-28 01:36:19,data101.vrp,SA,2462.894195101251,2462.894195101251,0.0,0.0,0.0,28,48,10001,10000,0,0,1000.0,True,2147483647,iterations=10000; seed=66571993161; initialTemp=1250.0; coolingRate=0.9993; interNeighborhoodType=relocate; intraNeighborhoodType=relocate; vehicleLimit=2147483647
2026-04-28 01:36:19,data101.vrp,SA,1956.77053670926,1956.77053670926,0.0,0.0,0.0,24,84,30001,30000,0,0,1000.0,True,2147483647,iterations=30000; seed=66571993161; initialTemp=1250.0; coolingRate=0.9993; interNeighborhoodType=relocate; intraNeighborhoodType=relocate; vehicleLimit=2147483647
2026-04-28 01:36:20,data101.vrp,SA,1877.8135559222544,1877.8135559222544,0.0,0.0,0.0,23,217,100001,100000,0,0,1000.0,True,2147483647,iterations=100000; seed=66571993161; initialTemp=1250.0; coolingRate=0.9993; interNeighborhoodType=relocate; intraNeighborhoodType=relocate; vehicleLimit=2147483647
2026-04-28 02:08:26,data101.vrp,SA,1573.451077878402,1573.451077878402,16196.04168839152,0.0,0.0,8,57,10001,10000,0,0,1000.0,False,2147483647,iterations=10000; seed=66571993162; initialTemp=1250.0; coolingRate=0.9993; interNeighborhoodType=relocate; intraNeighborhoodType=relocate; vehicleLimit=2147483647
2026-04-28 02:08:27,data101.vrp,SA,1112.7265879500403,1112.7265879500403,13980.418086172716,0.0,0.0,8,86,30001,30000,0,0,1000.0,False,2147483647,iterations=30000; seed=66571993162; initialTemp=1250.0; coolingRate=0.9993; interNeighborhoodType=relocate; intraNeighborhoodType=relocate; vehicleLimit=2147483647
2026-04-28 02:08:27,data101.vrp,SA,1078.6128451003594,1078.6128451003594,16255.078336174596,0.0,0.0,8,171,100001,100000,0,0,1000.0,False,2147483647,iterations=100000; seed=66571993162; initialTemp=1250.0; coolingRate=0.9993; interNeighborhoodType=relocate; intraNeighborhoodType=relocate; vehicleLimit=2147483647
2026-04-22 19:46:02,data101.vrp,SA,1185.909407571988,1185.909407571988,13484.439647911497,0.0,0.0,8,88,30001,30000,0,0,1000.0,False,2147483647,iterations=30000; seed=66571993098; initialTemp=1400.0; coolingRate=0.9995; interNeighborhoodType=relocate; intraNeighborhoodType=relocate; vehicleLimit=2147483647
2026-04-28 02:28:06,data101.vrp,SA,2484.1778951057536,2484.1778951057536,0.0,0.0,0.0,29,53,10001,10000,0,0,1000.0,True,2147483647,iterations=10000; seed=66571993162; initialTemp=1250.0; coolingRate=0.9993; interNeighborhoodType=relocate; intraNeighborhoodType=relocate; vehicleLimit=2147483647
2026-04-28 02:28:06,data101.vrp,SA,2040.1708234675516,2040.1708234675516,0.0,0.0,0.0,26,87,30001,30000,0,0,1000.0,True,2147483647,iterations=30000; seed=66571993162; initialTemp=1250.0; coolingRate=0.9993; interNeighborhoodType=relocate; intraNeighborhoodType=relocate; vehicleLimit=2147483647
2026-04-28 02:28:07,data101.vrp,SA,1959.4194931268487,1959.4194931268487,0.0,0.0,0.0,25,232,100001,100000,0,0,1000.0,True,2147483647,iterations=100000; seed=66571993162; initialTemp=1250.0; coolingRate=0.9993; interNeighborhoodType=relocate; intraNeighborhoodType=relocate; vehicleLimit=2147483647
2026-04-28 02:57:40,data111.vrp,SA,1393.190003117325,1393.190003117325,7413.1145839775,0.0,0.0,8,64,10001,10000,0,0,1000.0,False,2147483647,iterations=10000; seed=66571993098; initialTemp=1250.0; coolingRate=0.9993; interNeighborhoodType=relocate; intraNeighborhoodType=relocate; vehicleLimit=2147483647
2026-04-28 02:57:40,data111.vrp,SA,1128.6459048012323,1128.6459048012323,7785.249893111365,0.0,0.0,8,81,30001,30000,0,0,1000.0,False,2147483647,iterations=30000; seed=66571993098; initialTemp=1250.0; coolingRate=0.9993; interNeighborhoodType=relocate; intraNeighborhoodType=relocate; vehicleLimit=2147483647
2026-04-28 02:57:41,data111.vrp,SA,1065.7247601090958,1065.7247601090958,7362.790444206615,0.0,0.0,8,177,100001,100000,0,0,1000.0,False,2147483647,iterations=100000; seed=66571993098; initialTemp=1250.0; coolingRate=0.9993; interNeighborhoodType=relocate; intraNeighborhoodType=relocate; vehicleLimit=2147483647
2026-04-28 03:17:06,data111.vrp,SA,1661.2475333602713,1661.2475333602713,0.0,0.0,0.0,18,49,10001,10000,0,0,1000.0,True,2147483647,iterations=10000; seed=66571993098; initialTemp=1250.0; coolingRate=0.9993; interNeighborhoodType=relocate; intraNeighborhoodType=relocate; vehicleLimit=2147483647
2026-04-28 03:17:07,data111.vrp,SA,1322.8182527200422,1322.8182527200422,0.0,0.0,0.0,16,87,30001,30000,0,0,1000.0,True,2147483647,iterations=30000; seed=66571993098; initialTemp=1250.0; coolingRate=0.9993; interNeighborhoodType=relocate; intraNeighborhoodType=relocate; vehicleLimit=2147483647
2026-04-28 03:17:07,data111.vrp,SA,1227.1008597848586,1227.1008597848586,0.0,0.0,0.0,15,192,100001,100000,0,0,1000.0,True,2147483647,iterations=100000; seed=66571993098; initialTemp=1250.0; coolingRate=0.9993; interNeighborhoodType=relocate; intraNeighborhoodType=relocate; vehicleLimit=2147483647
2026-04-28 03:41:40,data111.vrp,SA,1358.3899582408676,1358.3899582408676,7658.308024573052,0.0,0.0,8,48,10001,10000,0,0,1000.0,False,2147483647,iterations=10000; seed=66571993099; initialTemp=1250.0; coolingRate=0.9993; interNeighborhoodType=relocate; intraNeighborhoodType=relocate; vehicleLimit=2147483647
2026-04-23 12:37:03,data101.vrp,SA,1084.976561450762,1084.976561450762,14399.181179897225,0.0,0.0,8,88,30001,30000,0,0,1000.0,False,2147483647,iterations=30000; seed=66571993099; initialTemp=1250.0; coolingRate=0.9995; interNeighborhoodType=relocate; intraNeighborhoodType=relocate; vehicleLimit=2147483647
2026-04-28 03:41:40,data111.vrp,SA,938.9377983786368,938.9377983786368,5880.459221551144,0.0,0.0,8,79,30001,30000,0,0,1000.0,False,2147483647,iterations=30000; seed=66571993099; initialTemp=1250.0; coolingRate=0.9993; interNeighborhoodType=relocate; intraNeighborhoodType=relocate; vehicleLimit=2147483647
2026-04-28 03:41:41,data111.vrp,SA,921.9093175665788,921.9093175665788,5413.884968597664,0.0,0.0,8,232,100001,100000,0,0,1000.0,False,2147483647,iterations=100000; seed=66571993099; initialTemp=1250.0; coolingRate=0.9993; interNeighborhoodType=relocate; intraNeighborhoodType=relocate; vehicleLimit=2147483647
2026-04-28 04:02:22,data111.vrp,SA,1856.6781129020203,1856.6781129020203,0.0,0.0,0.0,19,42,10001,10000,0,0,1000.0,True,2147483647,iterations=10000; seed=66571993099; initialTemp=1250.0; coolingRate=0.9993; interNeighborhoodType=relocate; intraNeighborhoodType=relocate; vehicleLimit=2147483647
2026-04-28 04:02:22,data111.vrp,SA,1346.75356035997,1346.75356035997,0.0,0.0,0.0,15,96,30001,30000,0,0,1000.0,True,2147483647,iterations=30000; seed=66571993099; initialTemp=1250.0; coolingRate=0.9993; interNeighborhoodType=relocate; intraNeighborhoodType=relocate; vehicleLimit=2147483647
2026-04-28 04:02:23,data111.vrp,SA,1234.075508540035,1234.075508540035,0.0,0.0,0.0,14,200,100001,100000,0,0,1000.0,True,2147483647,iterations=100000; seed=66571993099; initialTemp=1250.0; coolingRate=0.9993; interNeighborhoodType=relocate; intraNeighborhoodType=relocate; vehicleLimit=2147483647
2026-04-28 04:27:06,data111.vrp,SA,1387.8701377649295,1387.8701377649295,9439.669443466864,0.0,0.0,8,49,10001,10000,0,0,1000.0,False,2147483647,iterations=10000; seed=66571993100; initialTemp=1250.0; coolingRate=0.9993; interNeighborhoodType=relocate; intraNeighborhoodType=relocate; vehicleLimit=2147483647
2026-04-28 04:27:06,data111.vrp,SA,999.4822172262672,999.4822172262672,6990.734828762386,0.0,0.0,8,80,30001,30000,0,0,1000.0,False,2147483647,iterations=30000; seed=66571993100; initialTemp=1250.0; coolingRate=0.9993; interNeighborhoodType=relocate; intraNeighborhoodType=relocate; vehicleLimit=2147483647
2026-04-28 04:27:07,data111.vrp,SA,957.2566967736244,957.2566967736244,6828.335981206071,0.0,0.0,8,162,100001,100000,0,0,1000.0,False,2147483647,iterations=100000; seed=66571993100; initialTemp=1250.0; coolingRate=0.9993; interNeighborhoodType=relocate; intraNeighborhoodType=relocate; vehicleLimit=2147483647
2026-04-28 04:46:31,data111.vrp,SA,1796.3602725194803,1796.3602725194803,0.0,0.0,0.0,19,47,10001,10000,0,0,1000.0,True,2147483647,iterations=10000; seed=66571993100; initialTemp=1250.0; coolingRate=0.9993; interNeighborhoodType=relocate; intraNeighborhoodType=relocate; vehicleLimit=2147483647
2026-04-28 04:46:31,data111.vrp,SA,1292.2145622704122,1292.2145622704122,0.0,0.0,0.0,15,92,30001,30000,0,0,1000.0,True,2147483647,iterations=30000; seed=66571993100; initialTemp=1250.0; coolingRate=0.9993; interNeighborhoodType=relocate; intraNeighborhoodType=relocate; vehicleLimit=2147483647
2026-04-23 12:37:04,data101.vrp,SA,1435.0581331632093,1435.0581331632093,17157.69897528099,0.0,0.0,8,71,30001,0,30000,0,1000.0,False,2147483647,iterations=30000; seed=66571993099; initialTemp=1250.0; coolingRate=0.9995; interNeighborhoodType=exchange; intraNeighborhoodType=relocate; vehicleLimit=2147483647
2026-04-28 04:46:32,data111.vrp,SA,1240.1883556115338,1240.1883556115338,0.0,0.0,0.0,15,185,100001,100000,0,0,1000.0,True,2147483647,iterations=100000; seed=66571993100; initialTemp=1250.0; coolingRate=0.9993; interNeighborhoodType=relocate; intraNeighborhoodType=relocate; vehicleLimit=2147483647
2026-04-28 05:10:49,data111.vrp,SA,1522.0622725717735,1522.0622725717735,12094.81292594732,0.0,0.0,8,47,10001,10000,0,0,1000.0,False,2147483647,iterations=10000; seed=66571993101; initialTemp=1250.0; coolingRate=0.9993; interNeighborhoodType=relocate; intraNeighborhoodType=relocate; vehicleLimit=2147483647
2026-04-28 05:10:49,data111.vrp,SA,1159.4419307138437,1159.4419307138437,6581.339894102439,0.0,0.0,8,82,30001,30000,0,0,1000.0,False,2147483647,iterations=30000; seed=66571993101; initialTemp=1250.0; coolingRate=0.9993; interNeighborhoodType=relocate; intraNeighborhoodType=relocate; vehicleLimit=2147483647
2026-04-28 05:10:50,data111.vrp,SA,1039.9316731631998,1039.9316731631998,5928.252487646714,0.0,0.0,8,153,100001,100000,0,0,1000.0,False,2147483647,iterations=100000; seed=66571993101; initialTemp=1250.0; coolingRate=0.9993; interNeighborhoodType=relocate; intraNeighborhoodType=relocate; vehicleLimit=2147483647
2026-04-28 05:31:34,data111.vrp,SA,1748.6837120848656,1748.6837120848656,0.0,0.0,0.0,18,49,10001,10000,0,0,1000.0,True,2147483647,iterations=10000; seed=66571993101; initialTemp=1250.0; coolingRate=0.9993; interNeighborhoodType=relocate; intraNeighborhoodType=relocate; vehicleLimit=2147483647
2026-04-28 05:31:34,data111.vrp,SA,1317.51978661804,1317.51978661804,0.0,0.0,0.0,16,75,30001,30000,0,0,1000.0,True,2147483647,iterations=30000; seed=66571993101; initialTemp=1250.0; coolingRate=0.9993; interNeighborhoodType=relocate; intraNeighborhoodType=relocate; vehicleLimit=2147483647
2026-04-28 05:31:35,data111.vrp,SA,1136.011332772748,1136.011332772748,0.0,0.0,0.0,14,199,100001,100000,0,0,1000.0,True,2147483647,iterations=100000; seed=66571993101; initialTemp=1250.0; coolingRate=0.9993; interNeighborhoodType=relocate; intraNeighborhoodType=relocate; vehicleLimit=2147483647
2026-04-28 05:56:02,data111.vrp,SA,1532.4733748484705,1532.4733748484705,9294.186471280042,0.0,0.0,8,48,10001,10000,0,0,1000.0,False,2147483647,iterations=10000; seed=66571993102; initialTemp=1250.0; coolingRate=0.9993; interNeighborhoodType=relocate; intraNeighborhoodType=relocate; vehicleLimit=2147483647
2026-04-28 05:56:03,data111.vrp,SA,1239.1684691489463,1239.1684691489463,7794.3340422476285,0.0,0.0,8,82,30001,30000,0,0,1000.0,False,2147483647,iterations=30000; seed=66571993102; initialTemp=1250.0; coolingRate=0.9993; interNeighborhoodType=relocate; intraNeighborhoodType=relocate; vehicleLimit=2147483647
2026-04-28 05:56:03,data111.vrp,SA,1192.8393338981243,1192.8393338981243,7514.426491788331,0.0,0.0,8,162,100001,100000,0,0,1000.0,False,2147483647,iterations=100000; seed=66571993102; initialTemp=1250.0; coolingRate=0.9993; interNeighborhoodType=relocate; intraNeighborhoodType=relocate; vehicleLimit=2147483647
2026-04-23 12:37:04,data101.vrp,SA,1739.7463882216812,1739.7463882216812,19345.36801686132,0.0,0.0,8,61,30001,0,0,0,1000.0,False,2147483647,iterations=30000; seed=66571993099; initialTemp=1250.0; coolingRate=0.9995; interNeighborhoodType=relocate; intraNeighborhoodType=2opt; vehicleLimit=2147483647
2026-04-28 06:16:35,data111.vrp,SA,1717.9631223861682,1717.9631223861682,0.0,0.0,0.0,17,57,10001,10000,0,0,1000.0,True,2147483647,iterations=10000; seed=66571993102; initialTemp=1250.0; coolingRate=0.9993; interNeighborhoodType=relocate; intraNeighborhoodType=relocate; vehicleLimit=2147483647
2026-04-28 06:16:35,data111.vrp,SA,1275.8060871975945,1275.8060871975945,0.0,0.0,0.0,15,80,30001,30000,0,0,1000.0,True,2147483647,iterations=30000; seed=66571993102; initialTemp=1250.0; coolingRate=0.9993; interNeighborhoodType=relocate; intraNeighborhoodType=relocate; vehicleLimit=2147483647
2026-04-28 06:16:36,data111.vrp,SA,1228.399595303753,1228.399595303753,0.0,0.0,0.0,15,191,100001,100000,0,0,1000.0,True,2147483647,iterations=100000; seed=66571993102; initialTemp=1250.0; coolingRate=0.9993; interNeighborhoodType=relocate; intraNeighborhoodType=relocate; vehicleLimit=2147483647
2026-04-28 06:40:36,data111.vrp,SA,1577.635748500078,1577.635748500078,10451.744143010465,0.0,0.0,8,54,10001,10000,0,0,1000.0,False,2147483647,iterations=10000; seed=66571993158; initialTemp=1250.0; coolingRate=0.9993; interNeighborhoodType=relocate; intraNeighborhoodType=relocate; vehicleLimit=2147483647
2026-04-28 06:40:36,data111.vrp,SA,1160.4310775893912,1160.4310775893912,7991.100340476644,0.0,0.0,8,87,30001,30000,0,0,1000.0,False,2147483647,iterations=30000; seed=66571993158; initialTemp=1250.0; coolingRate=0.9993; interNeighborhoodType=relocate; intraNeighborhoodType=relocate; vehicleLimit=2147483647
2026-04-28 06:40:37,data111.vrp,SA,1062.5005857144215,1062.5005857144215,7982.609436573217,0.0,0.0,8,181,100001,100000,0,0,1000.0,False,2147483647,iterations=100000; seed=66571993158; initialTemp=1250.0; coolingRate=0.9993; interNeighborhoodType=relocate; intraNeighborhoodType=relocate; vehicleLimit=2147483647
2026-04-23 12:43:33,data101.vrp,SA,1104.8915489489427,1104.8915489489427,14556.075136418396,0.0,0.0,8,87,30001,30000,0,0,1000.0,False,2147483647,iterations=30000; seed=66571993099; initialTemp=1000.0; coolingRate=0.9995; interNeighborhoodType=relocate; intraNeighborhoodType=relocate; vehicleLimit=2147483647
2026-04-23 12:43:34,data101.vrp,SA,938.9377983786368,938.9377983786368,12253.687914135138,0.0,0.0,8,88,30001,30000,0,0,1000.0,False,2147483647,iterations=30000; seed=66571993099; initialTemp=1250.0; coolingRate=0.9993; interNeighborhoodType=relocate; intraNeighborhoodType=relocate; vehicleLimit=2147483647
2026-04-23 12:43:34,data101.vrp,SA,1084.976561450762,1084.976561450762,14399.181179897225,0.0,0.0,8,86,30001,30000,0,0,1000.0,False,2147483647,iterations=30000; seed=66571993099; initialTemp=1250.0; coolingRate=0.9995; interNeighborhoodType=relocate; intraNeighborhoodType=relocate; vehicleLimit=2147483647
2026-04-22 17:18:15,data101.vrp,SA,2039.7155977202644,2039.7155977202644,0.0,0.0,0.0,24,121,30001,30000,0,0,1000.0,True,2147483647,iterations=30000; seed=66571993099; initialTemp=750.0; coolingRate=0.9995; interNeighborhoodType=relocate; intraNeighborhoodType=relocate; vehicleLimit=2147483647
2026-04-23 12:43:35,data101.vrp,SA,1130.493974468733,1130.493974468733,14497.111029820791,0.0,0.0,8,92,30001,30000,0,0,1000.0,False,2147483647,iterations=30000; seed=66571993099; initialTemp=1250.0; coolingRate=0.9997; interNeighborhoodType=relocate; intraNeighborhoodType=relocate; vehicleLimit=2147483647
2026-04-23 12:43:35,data101.vrp,SA,1089.2744537054464,1089.2744537054464,13839.825185124842,0.0,0.0,8,96,30001,30000,0,0,1000.0,False,2147483647,iterations=30000; seed=66571993099; initialTemp=1400.0; coolingRate=0.9995; interNeighborhoodType=relocate; intraNeighborhoodType=relocate; vehicleLimit=2147483647
2026-04-23 13:30:31,data101.vrp,SA,1064.3987146773889,1064.3987146773889,14525.386918238382,0.0,0.0,8,88,30001,30000,0,0,1000.0,False,2147483647,iterations=30000; seed=66571993100; initialTemp=1250.0; coolingRate=0.9995; interNeighborhoodType=relocate; intraNeighborhoodType=relocate; vehicleLimit=2147483647
2026-04-23 13:30:32,data101.vrp,SA,1155.046829724548,1155.046829724548,16378.184036151286,0.0,0.0,8,73,30001,0,30000,0,1000.0,False,2147483647,iterations=30000; seed=66571993100; initialTemp=1250.0; coolingRate=0.9995; interNeighborhoodType=exchange; intraNeighborhoodType=relocate; vehicleLimit=2147483647
2026-04-23 13:30:32,data101.vrp,SA,1687.1560384259126,1687.1560384259126,20472.228882099807,0.0,0.0,8,67,30001,0,0,0,1000.0,False,2147483647,iterations=30000; seed=66571993100; initialTemp=1250.0; coolingRate=0.9995; interNeighborhoodType=relocate; intraNeighborhoodType=2opt; vehicleLimit=2147483647
2026-04-23 13:36:59,data101.vrp,SA,1177.836961347339,1177.836961347339,15351.961508609773,0.0,0.0,8,77,30001,30000,0,0,1000.0,False,2147483647,iterations=30000; seed=66571993100; initialTemp=1000.0; coolingRate=0.9995; interNeighborhoodType=relocate; intraNeighborhoodType=relocate; vehicleLimit=2147483647
2026-04-23 13:37:00,data101.vrp,SA,999.4822172262672,999.4822172262672,15197.40697470286,0.0,0.0,8,89,30001,30000,0,0,1000.0,False,2147483647,iterations=30000; seed=66571993100; initialTemp=1250.0; coolingRate=0.9993; interNeighborhoodType=relocate; intraNeighborhoodType=relocate; vehicleLimit=2147483647
2026-04-23 13:37:00,data101.vrp,SA,1064.3987146773889,1064.3987146773889,14525.386918238382,0.0,0.0,8,87,30001,30000,0,0,1000.0,False,2147483647,iterations=30000; seed=66571993100; initialTemp=1250.0; coolingRate=0.9995; interNeighborhoodType=relocate; intraNeighborhoodType=relocate; vehicleLimit=2147483647
2026-04-23 13:37:00,data101.vrp,SA,1100.334997077245,1100.334997077245,15508.283441705826,0.0,0.0,8,114,30001,30000,0,0,1000.0,False,2147483647,iterations=30000; seed=66571993100; initialTemp=1250.0; coolingRate=0.9997; interNeighborhoodType=relocate; intraNeighborhoodType=relocate; vehicleLimit=2147483647
2026-04-23 13:37:01,data101.vrp,SA,1028.3339559623064,1028.3339559623064,13523.004279823566,0.0,0.0,8,79,30001,30000,0,0,1000.0,False,2147483647,iterations=30000; seed=66571993100; initialTemp=1400.0; coolingRate=0.9995; interNeighborhoodType=relocate; intraNeighborhoodType=relocate; vehicleLimit=2147483647
2026-04-22 17:18:15,data101.vrp,SA,2001.737056401266,2001.737056401266,0.0,0.0,0.0,25,104,30001,30000,0,0,1000.0,True,2147483647,iterations=30000; seed=66571993099; initialTemp=1000.0; coolingRate=0.9995; interNeighborhoodType=relocate; intraNeighborhoodType=relocate; vehicleLimit=2147483647
2026-04-23 15:56:02,data101.vrp,SA,1034.670888243157,1034.670888243157,15048.457898290291,0.0,0.0,8,77,30001,30000,0,0,1000.0,False,2147483647,iterations=30000; seed=66571993101; initialTemp=1250.0; coolingRate=0.9995; interNeighborhoodType=relocate; intraNeighborhoodType=relocate; vehicleLimit=2147483647
2026-04-23 15:56:02,data101.vrp,SA,1565.6509588006768,1565.6509588006768,18874.173269929663,0.0,0.0,8,68,30001,0,30000,0,1000.0,False,2147483647,iterations=30000; seed=66571993101; initialTemp=1250.0; coolingRate=0.9995; interNeighborhoodType=exchange; intraNeighborhoodType=relocate; vehicleLimit=2147483647
2026-04-23 15:56:03,data101.vrp,SA,1692.9620578515558,1692.9620578515558,19076.59146531272,0.0,0.0,8,63,30001,0,0,0,1000.0,False,2147483647,iterations=30000; seed=66571993101; initialTemp=1250.0; coolingRate=0.9995; interNeighborhoodType=relocate; intraNeighborhoodType=2opt; vehicleLimit=2147483647
2026-04-23 16:02:23,data101.vrp,SA,1026.3244788254738,1026.3244788254738,14286.869920371157,0.0,0.0,8,84,30001,30000,0,0,1000.0,False,2147483647,iterations=30000; seed=66571993101; initialTemp=1000.0; coolingRate=0.9995; interNeighborhoodType=relocate; intraNeighborhoodType=relocate; vehicleLimit=2147483647
2026-04-23 16:02:24,data101.vrp,SA,1159.4419307138437,1159.4419307138437,13482.124677412943,0.0,0.0,8,80,30001,30000,0,0,1000.0,False,2147483647,iterations=30000; seed=66571993101; initialTemp=1250.0; coolingRate=0.9993; interNeighborhoodType=relocate; intraNeighborhoodType=relocate; vehicleLimit=2147483647
2026-04-23 16:02:24,data101.vrp,SA,1034.670888243157,1034.670888243157,15048.457898290291,0.0,0.0,8,80,30001,30000,0,0,1000.0,False,2147483647,iterations=30000; seed=66571993101; initialTemp=1250.0; coolingRate=0.9995; interNeighborhoodType=relocate; intraNeighborhoodType=relocate; vehicleLimit=2147483647
2026-04-23 16:02:25,data101.vrp,SA,1138.7498630676323,1138.7498630676323,12542.791395154858,0.0,0.0,8,81,30001,30000,0,0,1000.0,False,2147483647,iterations=30000; seed=66571993101; initialTemp=1250.0; coolingRate=0.9997; interNeighborhoodType=relocate; intraNeighborhoodType=relocate; vehicleLimit=2147483647
2026-04-23 16:02:25,data101.vrp,SA,1130.1000878010727,1130.1000878010727,14395.893783233274,0.0,0.0,8,91,30001,30000,0,0,1000.0,False,2147483647,iterations=30000; seed=66571993101; initialTemp=1400.0; coolingRate=0.9995; interNeighborhoodType=relocate; intraNeighborhoodType=relocate; vehicleLimit=2147483647
2026-04-23 16:39:56,data101.vrp,SA,1097.8502953499692,1097.8502953499692,13939.460971616165,0.0,0.0,8,90,30001,30000,0,0,1000.0,False,2147483647,iterations=30000; seed=66571993102; initialTemp=1250.0; coolingRate=0.9995; interNeighborhoodType=relocate; intraNeighborhoodType=relocate; vehicleLimit=2147483647
2026-04-23 16:39:56,data101.vrp,SA,1343.3620177885275,1343.3620177885275,17766.243414358283,0.0,0.0,8,71,30001,0,30000,0,1000.0,False,2147483647,iterations=30000; seed=66571993102; initialTemp=1250.0; coolingRate=0.9995; interNeighborhoodType=exchange; intraNeighborhoodType=relocate; vehicleLimit=2147483647
2026-04-22 17:18:15,data101.vrp,SA,1984.742137897323,1984.742137897323,0.0,0.0,0.0,24,96,30001,30000,0,0,1000.0,True,2147483647,iterations=30000; seed=66571993099; initialTemp=1250.0; coolingRate=0.9995; interNeighborhoodType=relocate; intraNeighborhoodType=relocate; vehicleLimit=2147483647
2026-04-23 16:39:57,data101.vrp,SA,1651.1105063610698,1651.1105063610698,20068.79657005979,0.0,0.0,8,60,30001,0,0,0,1000.0,False,2147483647,iterations=30000; seed=66571993102; initialTemp=1250.0; coolingRate=0.9995; interNeighborhoodType=relocate; intraNeighborhoodType=2opt; vehicleLimit=2147483647
2026-04-23 16:46:19,data101.vrp,SA,1071.3827933748646,1071.3827933748646,13733.42997130598,0.0,0.0,8,85,30001,30000,0,0,1000.0,False,2147483647,iterations=30000; seed=66571993102; initialTemp=1000.0; coolingRate=0.9995; interNeighborhoodType=relocate; intraNeighborhoodType=relocate; vehicleLimit=2147483647
2026-04-23 16:46:20,data101.vrp,SA,1239.1684691489463,1239.1684691489463,15839.777891733498,0.0,0.0,8,90,30001,30000,0,0,1000.0,False,2147483647,iterations=30000; seed=66571993102; initialTemp=1250.0; coolingRate=0.9993; interNeighborhoodType=relocate; intraNeighborhoodType=relocate; vehicleLimit=2147483647
2026-04-23 16:46:20,data101.vrp,SA,1097.8502953499692,1097.8502953499692,13939.460971616165,0.0,0.0,8,92,30001,30000,0,0,1000.0,False,2147483647,iterations=30000; seed=66571993102; initialTemp=1250.0; coolingRate=0.9995; interNeighborhoodType=relocate; intraNeighborhoodType=relocate; vehicleLimit=2147483647
2026-04-23 16:46:20,data101.vrp,SA,1165.45574167923,1165.45574167923,14448.905800531962,0.0,0.0,8,94,30001,30000,0,0,1000.0,False,2147483647,iterations=30000; seed=66571993102; initialTemp=1250.0; coolingRate=0.9997; interNeighborhoodType=relocate; intraNeighborhoodType=relocate; vehicleLimit=2147483647
2026-04-23 16:46:21,data101.vrp,SA,1087.7935888220636,1087.7935888220636,17092.87102398446,0.0,0.0,8,87,30001,30000,0,0,1000.0,False,2147483647,iterations=30000; seed=66571993102; initialTemp=1400.0; coolingRate=0.9995; interNeighborhoodType=relocate; intraNeighborhoodType=relocate; vehicleLimit=2147483647
2026-04-23 17:14:21,data101.vrp,SA,1085.690782375405,1085.690782375405,13871.766222834876,0.0,0.0,8,103,30001,30000,0,0,1000.0,False,2147483647,iterations=30000; seed=66571993103; initialTemp=1250.0; coolingRate=0.9995; interNeighborhoodType=relocate; intraNeighborhoodType=relocate; vehicleLimit=2147483647
2026-04-23 17:14:22,data101.vrp,SA,1281.1184934845185,1281.1184934845185,15227.750968121802,0.0,0.0,8,70,30001,0,30000,0,1000.0,False,2147483647,iterations=30000; seed=66571993103; initialTemp=1250.0; coolingRate=0.9995; interNeighborhoodType=exchange; intraNeighborhoodType=relocate; vehicleLimit=2147483647
2026-04-23 17:14:22,data101.vrp,SA,1732.6739183119278,1732.6739183119278,18279.048440679693,0.0,0.0,8,62,30001,0,0,0,1000.0,False,2147483647,iterations=30000; seed=66571993103; initialTemp=1250.0; coolingRate=0.9995; interNeighborhoodType=relocate; intraNeighborhoodType=2opt; vehicleLimit=2147483647
2026-04-23 17:20:11,data101.vrp,SA,1117.2664243121385,1117.2664243121385,15056.468387324,0.0,0.0,8,83,30001,30000,0,0,1000.0,False,2147483647,iterations=30000; seed=66571993103; initialTemp=1000.0; coolingRate=0.9995; interNeighborhoodType=relocate; intraNeighborhoodType=relocate; vehicleLimit=2147483647
2026-04-22 17:18:16,data101.vrp,SA,2054.8919873138343,2054.8919873138343,0.0,0.0,0.0,24,93,30001,30000,0,0,1000.0,True,2147483647,iterations=30000; seed=66571993099; initialTemp=1500.0; coolingRate=0.9995; interNeighborhoodType=relocate; intraNeighborhoodType=relocate; vehicleLimit=2147483647
2026-04-23 17:20:12,data101.vrp,SA,1040.805299437577,1040.805299437577,16287.8217850354,0.0,0.0,8,81,30001,30000,0,0,1000.0,False,2147483647,iterations=30000; seed=66571993103; initialTemp=1250.0; coolingRate=0.9993; interNeighborhoodType=relocate; intraNeighborhoodType=relocate; vehicleLimit=2147483647
2026-04-23 17:20:12,data101.vrp,SA,1085.690782375405,1085.690782375405,13871.766222834876,0.0,0.0,8,86,30001,30000,0,0,1000.0,False,2147483647,iterations=30000; seed=66571993103; initialTemp=1250.0; coolingRate=0.9995; interNeighborhoodType=relocate; intraNeighborhoodType=relocate; vehicleLimit=2147483647
2026-04-23 17:20:13,data101.vrp,SA,1095.4997666293905,1095.4997666293905,15091.629661457038,0.0,0.0,8,92,30001,30000,0,0,1000.0,False,2147483647,iterations=30000; seed=66571993103; initialTemp=1250.0; coolingRate=0.9997; interNeighborhoodType=relocate; intraNeighborhoodType=relocate; vehicleLimit=2147483647
2026-04-23 17:20:13,data101.vrp,SA,1151.1748235456073,1151.1748235456073,15132.243212103089,0.0,0.0,8,87,30001,30000,0,0,1000.0,False,2147483647,iterations=30000; seed=66571993103; initialTemp=1400.0; coolingRate=0.9995; interNeighborhoodType=relocate; intraNeighborhoodType=relocate; vehicleLimit=2147483647
2026-04-23 17:43:12,data101.vrp,SA,1115.0516796855056,1115.0516796855056,15448.09549356046,0.0,0.0,8,89,30001,30000,0,0,1000.0,False,2147483647,iterations=30000; seed=66571993104; initialTemp=1250.0; coolingRate=0.9995; interNeighborhoodType=relocate; intraNeighborhoodType=relocate; vehicleLimit=2147483647
2026-04-23 17:43:12,data101.vrp,SA,1332.2520840437091,1332.2520840437091,13119.829952776565,0.0,0.0,8,78,30001,0,30000,0,1000.0,False,2147483647,iterations=30000; seed=66571993104; initialTemp=1250.0; coolingRate=0.9995; interNeighborhoodType=exchange; intraNeighborhoodType=relocate; vehicleLimit=2147483647
2026-04-23 17:43:13,data101.vrp,SA,1792.602157166002,1792.602157166002,17812.154359454235,0.0,0.0,8,57,30001,0,0,0,1000.0,False,2147483647,iterations=30000; seed=66571993104; initialTemp=1250.0; coolingRate=0.9995; interNeighborhoodType=relocate; intraNeighborhoodType=2opt; vehicleLimit=2147483647
2026-04-23 17:49:31,data101.vrp,SA,1073.804570606475,1073.804570606475,14733.99999532478,0.0,0.0,8,77,30001,30000,0,0,1000.0,False,2147483647,iterations=30000; seed=66571993104; initialTemp=1000.0; coolingRate=0.9995; interNeighborhoodType=relocate; intraNeighborhoodType=relocate; vehicleLimit=2147483647
2026-04-23 17:49:31,data101.vrp,SA,1083.2948437861894,1083.2948437861894,12783.220676669318,0.0,0.0,8,86,30001,30000,0,0,1000.0,False,2147483647,iterations=30000; seed=66571993104; initialTemp=1250.0; coolingRate=0.9993; interNeighborhoodType=relocate; intraNeighborhoodType=relocate; vehicleLimit=2147483647
2026-04-23 17:49:32,data101.vrp,SA,1115.0516796855056,1115.0516796855056,15448.09549356046,0.0,0.0,8,81,30001,30000,0,0,1000.0,False,2147483647,iterations=30000; seed=66571993104; initialTemp=1250.0; coolingRate=0.9995; interNeighborhoodType=relocate; intraNeighborhoodType=relocate; vehicleLimit=2147483647
2026-04-22 19:39:57,data101.vrp,SA,1071.91270895579,1071.91270895579,14913.64497771768,0.0,0.0,8,87,30001,30000,0,0,1000.0,False,2147483647,iterations=30000; seed=66571993098; initialTemp=1250.0; coolingRate=0.9995; interNeighborhoodType=relocate; intraNeighborhoodType=relocate; vehicleLimit=2147483647
2026-04-23 17:49:32,data101.vrp,SA,1077.5316556225475,1077.5316556225475,12784.999382259728,0.0,0.0,8,83,30001,30000,0,0,1000.0,False,2147483647,iterations=30000; seed=66571993104; initialTemp=1250.0; coolingRate=0.9997; interNeighborhoodType=relocate; intraNeighborhoodType=relocate; vehicleLimit=2147483647
2026-04-23 17:49:33,data101.vrp,SA,1124.0396612014536,1124.0396612014536,14058.278598614032,0.0,0.0,8,85,30001,30000,0,0,1000.0,False,2147483647,iterations=30000; seed=66571993104; initialTemp=1400.0; coolingRate=0.9995; interNeighborhoodType=relocate; intraNeighborhoodType=relocate; vehicleLimit=2147483647
2026-04-23 18:51:46,data101.vrp,SA,1046.8244373052246,1046.8244373052246,15469.81884763638,0.0,0.0,8,85,30001,30000,0,0,1000.0,False,2147483647,iterations=30000; seed=66571993105; initialTemp=1250.0; coolingRate=0.9995; interNeighborhoodType=relocate; intraNeighborhoodType=relocate; vehicleLimit=2147483647
2026-04-23 18:51:46,data101.vrp,SA,1216.405242389909,1216.405242389909,16634.731237231696,0.0,0.0,8,86,30001,0,30000,0,1000.0,False,2147483647,iterations=30000; seed=66571993105; initialTemp=1250.0; coolingRate=0.9995; interNeighborhoodType=exchange; intraNeighborhoodType=relocate; vehicleLimit=2147483647
2026-04-23 18:51:46,data101.vrp,SA,1756.8541773852555,1756.8541773852555,16245.194300591882,0.0,0.0,8,52,30001,0,0,0,1000.0,False,2147483647,iterations=30000; seed=66571993105; initialTemp=1250.0; coolingRate=0.9995; interNeighborhoodType=relocate; intraNeighborhoodType=2opt; vehicleLimit=2147483647
2026-04-23 18:57:56,data101.vrp,SA,1086.1858248886542,1086.1858248886542,17300.220045085796,0.0,0.0,8,79,30001,30000,0,0,1000.0,False,2147483647,iterations=30000; seed=66571993105; initialTemp=1000.0; coolingRate=0.9995; interNeighborhoodType=relocate; intraNeighborhoodType=relocate; vehicleLimit=2147483647
2026-04-23 18:57:57,data101.vrp,SA,1080.9445046661124,1080.9445046661124,15090.186937611015,0.0,0.0,8,84,30001,30000,0,0,1000.0,False,2147483647,iterations=30000; seed=66571993105; initialTemp=1250.0; coolingRate=0.9993; interNeighborhoodType=relocate; intraNeighborhoodType=relocate; vehicleLimit=2147483647
2026-04-23 18:57:57,data101.vrp,SA,1046.8244373052246,1046.8244373052246,15469.81884763638,0.0,0.0,8,89,30001,30000,0,0,1000.0,False,2147483647,iterations=30000; seed=66571993105; initialTemp=1250.0; coolingRate=0.9995; interNeighborhoodType=relocate; intraNeighborhoodType=relocate; vehicleLimit=2147483647
2026-04-23 18:57:58,data101.vrp,SA,1142.3098229874818,1142.3098229874818,15804.546027322607,0.0,0.0,8,92,30001,30000,0,0,1000.0,False,2147483647,iterations=30000; seed=66571993105; initialTemp=1250.0; coolingRate=0.9997; interNeighborhoodType=relocate; intraNeighborhoodType=relocate; vehicleLimit=2147483647
2026-04-23 18:57:58,data101.vrp,SA,1062.361830890634,1062.361830890634,14581.717536350796,0.0,0.0,8,100,30001,30000,0,0,1000.0,False,2147483647,iterations=30000; seed=66571993105; initialTemp=1400.0; coolingRate=0.9995; interNeighborhoodType=relocate; intraNeighborhoodType=relocate; vehicleLimit=2147483647
2026-04-22 19:39:58,data101.vrp,SA,1149.3491375264473,1149.3491375264473,14993.21168258619,0.0,0.0,8,98,30001,0,30000,0,1000.0,False,2147483647,iterations=30000; seed=66571993098; initialTemp=1250.0; coolingRate=0.9995; interNeighborhoodType=exchange; intraNeighborhoodType=relocate; vehicleLimit=2147483647
2026-04-24 10:03:39,data101.vrp,SA,1855.7016539670497,1855.7016539670497,0.0,0.0,0.0,23,102,30001,30000,0,0,1000.0,True,2147483647,iterations=30000; seed=66571993098; initialTemp=1250.0; coolingRate=0.9993; interNeighborhoodType=relocate; intraNeighborhoodType=relocate; vehicleLimit=2147483647
2026-04-24 10:12:32,data111.vrp,SA,1322.8182527200422,1322.8182527200422,0.0,0.0,0.0,16,79,30001,30000,0,0,1000.0,True,2147483647,iterations=30000; seed=66571993098; initialTemp=1250.0; coolingRate=0.9993; interNeighborhoodType=relocate; intraNeighborhoodType=relocate; vehicleLimit=2147483647
2026-04-24 10:18:11,data201.vrp,SA,1471.7668536761057,1471.7668536761057,0.0,0.0,0.0,11,97,30001,30000,0,0,1000.0,True,2147483647,iterations=30000; seed=66571993098; initialTemp=1250.0; coolingRate=0.9993; interNeighborhoodType=relocate; intraNeighborhoodType=relocate; vehicleLimit=2147483647
2026-04-27 18:12:53,data101.vrp,SA,1393.190003117325,1393.190003117325,14908.733248973853,0.0,0.0,8,47,10001,10000,0,0,1000.0,False,2147483647,iterations=10000; seed=66571993098; initialTemp=1250.0; coolingRate=0.9993; interNeighborhoodType=relocate; intraNeighborhoodType=relocate; vehicleLimit=2147483647
2026-04-27 18:12:53,data101.vrp,SA,1128.6459048012323,1128.6459048012323,15171.367422795964,0.0,0.0,8,77,30001,30000,0,0,1000.0,False,2147483647,iterations=30000; seed=66571993098; initialTemp=1250.0; coolingRate=0.9993; interNeighborhoodType=relocate; intraNeighborhoodType=relocate; vehicleLimit=2147483647
2026-04-27 18:12:54,data101.vrp,SA,1065.7247601090958,1065.7247601090958,14169.364320440383,0.0,0.0,8,182,100001,100000,0,0,1000.0,False,2147483647,iterations=100000; seed=66571993098; initialTemp=1250.0; coolingRate=0.9993; interNeighborhoodType=relocate; intraNeighborhoodType=relocate; vehicleLimit=2147483647
2026-04-27 18:33:58,data101.vrp,SA,2404.2577092219544,2404.2577092219544,0.0,0.0,0.0,28,63,10001,10000,0,0,1000.0,True,2147483647,iterations=10000; seed=66571993098; initialTemp=1250.0; coolingRate=0.9993; interNeighborhoodType=relocate; intraNeighborhoodType=relocate; vehicleLimit=2147483647
2026-04-27 18:33:58,data101.vrp,SA,1855.7016539670497,1855.7016539670497,0.0,0.0,0.0,23,95,30001,30000,0,0,1000.0,True,2147483647,iterations=30000; seed=66571993098; initialTemp=1250.0; coolingRate=0.9993; interNeighborhoodType=relocate; intraNeighborhoodType=relocate; vehicleLimit=2147483647
2026-04-27 18:33:59,data101.vrp,SA,1820.5112100463584,1820.5112100463584,0.0,0.0,0.0,23,227,100001,100000,0,0,1000.0,True,2147483647,iterations=100000; seed=66571993098; initialTemp=1250.0; coolingRate=0.9993; interNeighborhoodType=relocate; intraNeighborhoodType=relocate; vehicleLimit=2147483647
2026-04-27 19:06:05,data101.vrp,SA,1358.3899582408676,1358.3899582408676,13413.19661564328,0.0,0.0,8,54,10001,10000,0,0,1000.0,False,2147483647,iterations=10000; seed=66571993099; initialTemp=1250.0; coolingRate=0.9993; interNeighborhoodType=relocate; intraNeighborhoodType=relocate; vehicleLimit=2147483647
2026-04-22 19:39:58,data101.vrp,SA,1762.186010903243,1762.186010903243,19206.716872790534,0.0,0.0,8,61,30001,0,0,0,1000.0,False,2147483647,iterations=30000; seed=66571993098; initialTemp=1250.0; coolingRate=0.9995; interNeighborhoodType=relocate; intraNeighborhoodType=2opt; vehicleLimit=2147483647
2026-04-27 19:06:06,data101.vrp,SA,938.9377983786368,938.9377983786368,12253.687914135138,0.0,0.0,8,88,30001,30000,0,0,1000.0,False,2147483647,iterations=30000; seed=66571993099; initialTemp=1250.0; coolingRate=0.9993; interNeighborhoodType=relocate; intraNeighborhoodType=relocate; vehicleLimit=2147483647
2026-04-27 19:06:06,data101.vrp,SA,921.9093175665788,921.9093175665788,12442.561028042586,0.0,0.0,8,178,100001,100000,0,0,1000.0,False,2147483647,iterations=100000; seed=66571993099; initialTemp=1250.0; coolingRate=0.9993; interNeighborhoodType=relocate; intraNeighborhoodType=relocate; vehicleLimit=2147483647
2026-04-27 19:27:19,data101.vrp,SA,2359.6464951923904,2359.6464951923904,0.0,0.0,0.0,27,45,10001,10000,0,0,1000.0,True,2147483647,iterations=10000; seed=66571993099; initialTemp=1250.0; coolingRate=0.9993; interNeighborhoodType=relocate; intraNeighborhoodType=relocate; vehicleLimit=2147483647
2026-04-27 19:27:19,data101.vrp,SA,2023.344518526763,2023.344518526763,0.0,0.0,0.0,24,95,30001,30000,0,0,1000.0,True,2147483647,iterations=30000; seed=66571993099; initialTemp=1250.0; coolingRate=0.9993; interNeighborhoodType=relocate; intraNeighborhoodType=relocate; vehicleLimit=2147483647
2026-04-27 19:27:20,data101.vrp,SA,1891.2780116750655,1891.2780116750655,0.0,0.0,0.0,22,206,100001,100000,0,0,1000.0,True,2147483647,iterations=100000; seed=66571993099; initialTemp=1250.0; coolingRate=0.9993; interNeighborhoodType=relocate; intraNeighborhoodType=relocate; vehicleLimit=2147483647
2026-04-27 19:59:00,data101.vrp,SA,1387.8701377649295,1387.8701377649295,16907.486879138232,0.0,0.0,8,55,10001,10000,0,0,1000.0,False,2147483647,iterations=10000; seed=66571993100; initialTemp=1250.0; coolingRate=0.9993; interNeighborhoodType=relocate; intraNeighborhoodType=relocate; vehicleLimit=2147483647
2026-04-27 19:59:00,data101.vrp,SA,999.4822172262672,999.4822172262672,15197.40697470286,0.0,0.0,8,88,30001,30000,0,0,1000.0,False,2147483647,iterations=30000; seed=66571993100; initialTemp=1250.0; coolingRate=0.9993; interNeighborhoodType=relocate; intraNeighborhoodType=relocate; vehicleLimit=2147483647
2026-04-27 19:59:01,data101.vrp,SA,957.2566967736244,957.2566967736244,13930.870826723052,0.0,0.0,8,184,100001,100000,0,0,1000.0,False,2147483647,iterations=100000; seed=66571993100; initialTemp=1250.0; coolingRate=0.9993; interNeighborhoodType=relocate; intraNeighborhoodType=relocate; vehicleLimit=2147483647
2026-04-27 20:18:27,data101.vrp,SA,2528.994923068601,2440.987432433537,0.0880074906350643,0.0,0.0,28,47,10001,10000,0,0,1000.0,True,2147483647,iterations=10000; seed=66571993100; initialTemp=1250.0; coolingRate=0.9993; interNeighborhoodType=relocate; intraNeighborhoodType=relocate; vehicleLimit=2147483647
2026-04-27 20:18:27,data101.vrp,SA,2019.7869900357005,2019.7869900357005,0.0,0.0,0.0,25,87,30001,30000,0,0,1000.0,True,2147483647,iterations=30000; seed=66571993100; initialTemp=1250.0; coolingRate=0.9993; interNeighborhoodType=relocate; intraNeighborhoodType=relocate; vehicleLimit=2147483647
2026-04-22 19:46:00,data101.vrp,SA,1076.7534517408378,1076.7534517408378,13129.936257488836,0.0,0.0,8,90,30001,30000,0,0,1000.0,False,2147483647,iterations=30000; seed=66571993098; initialTemp=1000.0; coolingRate=0.9995; interNeighborhoodType=relocate; intraNeighborhoodType=relocate; vehicleLimit=2147483647
2026-04-27 20:18:28,data101.vrp,SA,1907.657737322677,1907.657737322677,0.0,0.0,0.0,23,212,100001,100000,0,0,1000.0,True,2147483647,iterations=100000; seed=66571993100; initialTemp=1250.0; coolingRate=0.9993; interNeighborhoodType=relocate; intraNeighborhoodType=relocate; vehicleLimit=2147483647
2026-04-27 20:51:26,data101.vrp,SA,1522.0622725717735,1522.0622725717735,19038.2768570367,0.0,0.0,8,46,10001,10000,0,0,1000.0,False,2147483647,iterations=10000; seed=66571993101; initialTemp=1250.0; coolingRate=0.9993; interNeighborhoodType=relocate; intraNeighborhoodType=relocate; vehicleLimit=2147483647
2026-04-27 20:51:26,data101.vrp,SA,1159.4419307138437,1159.4419307138437,13482.124677412943,0.0,0.0,8,90,30001,30000,0,0,1000.0,False,2147483647,iterations=30000; seed=66571993101; initialTemp=1250.0; coolingRate=0.9993; interNeighborhoodType=relocate; intraNeighborhoodType=relocate; vehicleLimit=2147483647
2026-04-27 20:51:27,data101.vrp,SA,1039.9316731631998,1039.9316731631998,12273.620826300648,0.0,0.0,8,180,100001,100000,0,0,1000.0,False,2147483647,iterations=100000; seed=66571993101; initialTemp=1250.0; coolingRate=0.9993; interNeighborhoodType=relocate; intraNeighborhoodType=relocate; vehicleLimit=2147483647
2026-04-27 21:12:54,data101.vrp,SA,2483.3513655679367,2483.3513655679367,0.0,0.0,0.0,28,61,10001,10000,0,0,1000.0,True,2147483647,iterations=10000; seed=66571993101; initialTemp=1250.0; coolingRate=0.9993; interNeighborhoodType=relocate; intraNeighborhoodType=relocate; vehicleLimit=2147483647
2026-04-27 21:12:54,data101.vrp,SA,1937.2599998146088,1937.2599998146088,0.0,0.0,0.0,24,95,30001,30000,0,0,1000.0,True,2147483647,iterations=30000; seed=66571993101; initialTemp=1250.0; coolingRate=0.9993; interNeighborhoodType=relocate; intraNeighborhoodType=relocate; vehicleLimit=2147483647
2026-04-27 21:12:55,data101.vrp,SA,1839.1994139501328,1839.1994139501328,0.0,0.0,0.0,23,212,100001,100000,0,0,1000.0,True,2147483647,iterations=100000; seed=66571993101; initialTemp=1250.0; coolingRate=0.9993; interNeighborhoodType=relocate; intraNeighborhoodType=relocate; vehicleLimit=2147483647
2026-04-27 21:45:42,data101.vrp,SA,1532.4733748484705,1532.4733748484705,16701.042962610027,0.0,0.0,8,46,10001,10000,0,0,1000.0,False,2147483647,iterations=10000; seed=66571993102; initialTemp=1250.0; coolingRate=0.9993; interNeighborhoodType=relocate; intraNeighborhoodType=relocate; vehicleLimit=2147483647
2026-04-27 21:45:43,data101.vrp,SA,1239.1684691489463,1239.1684691489463,15839.777891733498,0.0,0.0,8,87,30001,30000,0,0,1000.0,False,2147483647,iterations=30000; seed=66571993102; initialTemp=1250.0; coolingRate=0.9993; interNeighborhoodType=relocate; intraNeighborhoodType=relocate; vehicleLimit=2147483647
2026-04-27 21:45:43,data101.vrp,SA,1192.8393338981243,1192.8393338981243,14907.28480872722,0.0,0.0,8,206,100001,100000,0,0,1000.0,False,2147483647,iterations=100000; seed=66571993102; initialTemp=1250.0; coolingRate=0.9993; interNeighborhoodType=relocate; intraNeighborhoodType=relocate; vehicleLimit=2147483647
2026-04-22 17:24:59,data101.vrp,TABU,1815.7179544439252,1815.7179544439252,0.0,0.0,0.0,24,402626,355334439,355334438,0,0,1000.0,True,2147483647,iterations=30000; seed=15032385571; tabuTenure=10; interNeighborhoodType=relocate; intraNeighborhoodType=relocate; vehicleLimit=2147483647
2026-04-22 19:54:30,data101.vrp,TABU,1040.3258887374602,1040.3258887374602,14754.459768844245,0.0,0.0,8,264859,281517019,281517018,0,0,1000.0,False,2147483647,iterations=30000; seed=15032385570; tabuTenure=50; interNeighborhoodType=relocate; intraNeighborhoodType=relocate; vehicleLimit=2147483647
2026-04-27 23:35:07,data101.vrp,TABU,891.2454282030836,891.2454282030836,14027.897826321649,0.0,0.0,8,89673,94049285,94049284,0,0,1000.0,False,2147483647,iterations=10000; seed=15032385631; tabuTenure=40; interNeighborhoodType=relocate; intraNeighborhoodType=relocate; vehicleLimit=2147483647
2026-04-27 23:39:36,data101.vrp,TABU,891.2454282030836,891.2454282030836,14027.897826321649,0.0,0.0,8,268928,282148359,282148358,0,0,1000.0,False,2147483647,iterations=30000; seed=15032385631; tabuTenure=40; interNeighborhoodType=relocate; intraNeighborhoodType=relocate; vehicleLimit=2147483647
2026-04-27 23:53:07,data101.vrp,TABU,891.2454282030836,891.2454282030836,14027.897826321649,0.0,0.0,8,810669,940494961,940494960,0,0,1000.0,False,2147483647,iterations=100000; seed=15032385631; tabuTenure=40; interNeighborhoodType=relocate; intraNeighborhoodType=relocate; vehicleLimit=2147483647
2026-04-27 23:55:26,data101.vrp,TABU,1803.799033574596,1803.799033574596,0.0,0.0,0.0,24,137058,118682949,118682948,0,0,1000.0,True,2147483647,iterations=10000; seed=15032385631; tabuTenure=40; interNeighborhoodType=relocate; intraNeighborhoodType=relocate; vehicleLimit=2147483647
2026-04-28 00:02:20,data101.vrp,TABU,1803.799033574596,1803.799033574596,0.0,0.0,0.0,24,413256,355715331,355715330,0,0,1000.0,True,2147483647,iterations=30000; seed=15032385631; tabuTenure=40; interNeighborhoodType=relocate; intraNeighborhoodType=relocate; vehicleLimit=2147483647
2026-04-28 00:25:18,data101.vrp,TABU,1803.799033574596,1803.799033574596,0.0,0.0,0.0,24,1378032,1185328667,1185328666,0,0,1000.0,True,2147483647,iterations=100000; seed=15032385631; tabuTenure=40; interNeighborhoodType=relocate; intraNeighborhoodType=relocate; vehicleLimit=2147483647
2026-04-28 00:26:41,data101.vrp,TABU,1017.667201558702,1017.667201558702,17338.780949207634,0.0,0.0,8,81213,93651813,93651812,0,0,1000.0,False,2147483647,iterations=10000; seed=15032385632; tabuTenure=40; interNeighborhoodType=relocate; intraNeighborhoodType=relocate; vehicleLimit=2147483647
2026-04-28 00:30:49,data101.vrp,TABU,1017.667201558702,1017.667201558702,17338.780949207634,0.0,0.0,8,247053,280953699,280953698,0,0,1000.0,False,2147483647,iterations=30000; seed=15032385632; tabuTenure=40; interNeighborhoodType=relocate; intraNeighborhoodType=relocate; vehicleLimit=2147483647
2026-04-28 00:45:29,data101.vrp,TABU,1017.667201558702,1017.667201558702,17338.780949207634,0.0,0.0,8,880106,936510391,936510390,0,0,1000.0,False,2147483647,iterations=100000; seed=15032385632; tabuTenure=40; interNeighborhoodType=relocate; intraNeighborhoodType=relocate; vehicleLimit=2147483647
2026-04-28 00:47:45,data101.vrp,TABU,1752.2194060146976,1752.2194060146976,0.0,0.0,0.0,23,134161,117564877,117564876,0,0,1000.0,True,2147483647,iterations=10000; seed=15032385632; tabuTenure=40; interNeighborhoodType=relocate; intraNeighborhoodType=relocate; vehicleLimit=2147483647
2026-04-23 12:32:39,data101.vrp,TABU,1040.3258887374602,1040.3258887374602,14754.459768844245,0.0,0.0,8,59888616,281532015,281532014,0,0,1000.0,False,2147483647,iterations=30000; seed=15032385570; tabuTenure=60; interNeighborhoodType=relocate; intraNeighborhoodType=relocate; vehicleLimit=2147483647
2026-04-28 00:54:31,data101.vrp,TABU,1752.2194060146976,1752.2194060146976,0.0,0.0,0.0,23,405717,352296307,352296306,0,0,1000.0,True,2147483647,iterations=30000; seed=15032385632; tabuTenure=40; interNeighborhoodType=relocate; intraNeighborhoodType=relocate; vehicleLimit=2147483647
2026-04-28 01:16:39,data101.vrp,TABU,1752.2194060146976,1752.2194060146976,0.0,0.0,0.0,23,1326845,1173856299,1173856298,0,0,1000.0,True,2147483647,iterations=100000; seed=15032385632; tabuTenure=40; interNeighborhoodType=relocate; intraNeighborhoodType=relocate; vehicleLimit=2147483647
2026-04-28 01:18:09,data101.vrp,TABU,947.4435482153106,947.4435482153106,14942.373228633507,0.0,0.0,8,88519,93960927,93960926,0,0,1000.0,False,2147483647,iterations=10000; seed=15032385633; tabuTenure=40; interNeighborhoodType=relocate; intraNeighborhoodType=relocate; vehicleLimit=2147483647
2026-04-28 01:22:36,data101.vrp,TABU,947.4435482153106,947.4435482153106,14942.373228633507,0.0,0.0,8,266388,281880915,281880914,0,0,1000.0,False,2147483647,iterations=30000; seed=15032385633; tabuTenure=40; interNeighborhoodType=relocate; intraNeighborhoodType=relocate; vehicleLimit=2147483647
2026-04-28 01:36:18,data101.vrp,TABU,947.4435482153106,947.4435482153106,14942.373228633507,0.0,0.0,8,822090,939600927,939600926,0,0,1000.0,False,2147483647,iterations=100000; seed=15032385633; tabuTenure=40; interNeighborhoodType=relocate; intraNeighborhoodType=relocate; vehicleLimit=2147483647
2026-04-28 01:38:39,data101.vrp,TABU,1827.5235883216176,1827.5235883216176,0.0,0.0,0.0,25,138528,118718683,118718682,0,0,1000.0,True,2147483647,iterations=10000; seed=15032385633; tabuTenure=40; interNeighborhoodType=relocate; intraNeighborhoodType=relocate; vehicleLimit=2147483647
2026-04-28 01:45:33,data101.vrp,TABU,1827.5235883216176,1827.5235883216176,0.0,0.0,0.0,25,413778,355821555,355821554,0,0,1000.0,True,2147483647,iterations=30000; seed=15032385633; tabuTenure=40; interNeighborhoodType=relocate; intraNeighborhoodType=relocate; vehicleLimit=2147483647
2026-04-28 02:08:26,data101.vrp,TABU,1827.5235883216176,1827.5235883216176,0.0,0.0,0.0,25,1372586,1185681545,1185681544,0,0,1000.0,True,2147483647,iterations=100000; seed=15032385633; tabuTenure=40; interNeighborhoodType=relocate; intraNeighborhoodType=relocate; vehicleLimit=2147483647
2026-04-28 02:09:56,data101.vrp,TABU,1015.3606263897929,1015.3606263897929,14347.48448379243,0.0,0.0,8,88874,94166883,94166882,0,0,1000.0,False,2147483647,iterations=10000; seed=15032385634; tabuTenure=40; interNeighborhoodType=relocate; intraNeighborhoodType=relocate; vehicleLimit=2147483647
2026-04-28 02:14:25,data101.vrp,TABU,1015.3606263897929,1015.3606263897929,14347.48448379243,0.0,0.0,8,268028,282502125,282502124,0,0,1000.0,False,2147483647,iterations=30000; seed=15032385634; tabuTenure=40; interNeighborhoodType=relocate; intraNeighborhoodType=relocate; vehicleLimit=2147483647
2026-04-23 12:37:03,data101.vrp,TABU,1040.3258887374602,1040.3258887374602,14754.459768844245,0.0,0.0,8,263110,281533729,281533728,0,0,1000.0,False,2147483647,iterations=30000; seed=15032385570; tabuTenure=70; interNeighborhoodType=relocate; intraNeighborhoodType=relocate; vehicleLimit=2147483647
2026-04-28 02:28:05,data101.vrp,TABU,1015.3606263897929,1015.3606263897929,14347.48448379243,0.0,0.0,8,819910,941675455,941675454,0,0,1000.0,False,2147483647,iterations=100000; seed=15032385634; tabuTenure=40; interNeighborhoodType=relocate; intraNeighborhoodType=relocate; vehicleLimit=2147483647
2026-04-28 02:30:16,data101.vrp,TABU,1741.0872819851386,1741.0872819851386,0.0,0.0,0.0,21,128619,115159223,115159222,0,0,1000.0,True,2147483647,iterations=10000; seed=15032385634; tabuTenure=40; interNeighborhoodType=relocate; intraNeighborhoodType=relocate; vehicleLimit=2147483647
2026-04-28 02:36:36,data101.vrp,TABU,1741.0872819851386,1741.0872819851386,0.0,0.0,0.0,21,379696,345111603,345111602,0,0,1000.0,True,2147483647,iterations=30000; seed=15032385634; tabuTenure=40; interNeighborhoodType=relocate; intraNeighborhoodType=relocate; vehicleLimit=2147483647
2026-04-28 02:57:39,data101.vrp,TABU,1741.0872819851386,1741.0872819851386,0.0,0.0,0.0,21,1263014,1149944935,1149944934,0,0,1000.0,True,2147483647,iterations=100000; seed=15032385634; tabuTenure=40; interNeighborhoodType=relocate; intraNeighborhoodType=relocate; vehicleLimit=2147483647
2026-04-28 02:59:05,data111.vrp,TABU,1040.3258887374602,1040.3258887374602,8117.150199169726,0.0,0.0,8,83832,93843325,93843324,0,0,1000.0,False,2147483647,iterations=10000; seed=15032385570; tabuTenure=40; interNeighborhoodType=relocate; intraNeighborhoodType=relocate; vehicleLimit=2147483647
2026-04-28 03:03:15,data111.vrp,TABU,1040.3258887374602,1040.3258887374602,8117.150199169726,0.0,0.0,8,250254,281529023,281529022,0,0,1000.0,False,2147483647,iterations=30000; seed=15032385570; tabuTenure=40; interNeighborhoodType=relocate; intraNeighborhoodType=relocate; vehicleLimit=2147483647
2026-04-28 03:17:06,data111.vrp,TABU,1040.3258887374602,1040.3258887374602,8117.150199169726,0.0,0.0,8,830209,938429057,938429056,0,0,1000.0,False,2147483647,iterations=100000; seed=15032385570; tabuTenure=40; interNeighborhoodType=relocate; intraNeighborhoodType=relocate; vehicleLimit=2147483647
2026-04-28 03:18:53,data111.vrp,TABU,1176.1485692085123,1176.1485692085123,0.0,0.0,0.0,15,105469,106630113,106630112,0,0,1000.0,True,2147483647,iterations=10000; seed=15032385570; tabuTenure=40; interNeighborhoodType=relocate; intraNeighborhoodType=relocate; vehicleLimit=2147483647
2026-04-28 03:24:09,data111.vrp,TABU,1176.1485692085123,1176.1485692085123,0.0,0.0,0.0,15,315777,319542485,319542484,0,0,1000.0,True,2147483647,iterations=30000; seed=15032385570; tabuTenure=40; interNeighborhoodType=relocate; intraNeighborhoodType=relocate; vehicleLimit=2147483647
2026-04-28 03:41:39,data111.vrp,TABU,1176.1485692085123,1176.1485692085123,0.0,0.0,0.0,15,1049484,1064735827,1064735826,0,0,1000.0,True,2147483647,iterations=100000; seed=15032385570; tabuTenure=40; interNeighborhoodType=relocate; intraNeighborhoodType=relocate; vehicleLimit=2147483647
2026-04-23 12:41:30,data101.vrp,TABU,943.4658738436924,943.4658738436924,14214.633926379993,0.0,0.0,8,265549,282103393,282103392,0,0,1000.0,False,2147483647,iterations=30000; seed=15032385571; tabuTenure=50; interNeighborhoodType=relocate; intraNeighborhoodType=relocate; vehicleLimit=2147483647
2026-04-28 03:43:10,data111.vrp,TABU,957.3221633733516,957.3221633733516,9432.43620572802,0.0,0.0,8,88995,94049279,94049278,0,0,1000.0,False,2147483647,iterations=10000; seed=15032385571; tabuTenure=40; interNeighborhoodType=relocate; intraNeighborhoodType=relocate; vehicleLimit=2147483647
2026-04-28 03:47:38,data111.vrp,TABU,957.3221633733516,957.3221633733516,9432.43620572802,0.0,0.0,8,267996,282149271,282149270,0,0,1000.0,False,2147483647,iterations=30000; seed=15032385571; tabuTenure=40; interNeighborhoodType=relocate; intraNeighborhoodType=relocate; vehicleLimit=2147483647
2026-04-28 04:02:22,data111.vrp,TABU,957.3221633733516,957.3221633733516,9432.43620572802,0.0,0.0,8,882861,940499273,940499272,0,0,1000.0,False,2147483647,iterations=100000; seed=15032385571; tabuTenure=40; interNeighborhoodType=relocate; intraNeighborhoodType=relocate; vehicleLimit=2147483647
2026-04-28 04:04:09,data111.vrp,TABU,1265.4526947540348,1265.4526947540348,0.0,0.0,0.0,15,105993,107062609,107062608,0,0,1000.0,True,2147483647,iterations=10000; seed=15032385571; tabuTenure=40; interNeighborhoodType=relocate; intraNeighborhoodType=relocate; vehicleLimit=2147483647
2026-04-28 04:09:24,data111.vrp,TABU,1265.4526947540348,1265.4526947540348,0.0,0.0,0.0,15,314485,320884523,320884522,0,0,1000.0,True,2147483647,iterations=30000; seed=15032385571; tabuTenure=40; interNeighborhoodType=relocate; intraNeighborhoodType=relocate; vehicleLimit=2147483647
2026-04-28 04:27:05,data111.vrp,TABU,1265.4526947540348,1265.4526947540348,0.0,0.0,0.0,15,1060629,1069261187,1069261186,0,0,1000.0,True,2147483647,iterations=100000; seed=15032385571; tabuTenure=40; interNeighborhoodType=relocate; intraNeighborhoodType=relocate; vehicleLimit=2147483647
2026-04-28 04:28:31,data111.vrp,TABU,996.261882695778,996.261882695778,7688.011776302138,0.0,0.0,8,83794,93933821,93933820,0,0,1000.0,False,2147483647,iterations=10000; seed=15032385572; tabuTenure=40; interNeighborhoodType=relocate; intraNeighborhoodType=relocate; vehicleLimit=2147483647
2026-04-28 04:32:41,data111.vrp,TABU,996.261882695778,996.261882695778,7688.011776302138,0.0,0.0,8,250315,281804317,281804316,0,0,1000.0,False,2147483647,iterations=30000; seed=15032385572; tabuTenure=40; interNeighborhoodType=relocate; intraNeighborhoodType=relocate; vehicleLimit=2147483647
2026-04-28 04:46:30,data111.vrp,TABU,996.261882695778,996.261882695778,7688.011776302138,0.0,0.0,8,828437,939350963,939350962,0,0,1000.0,False,2147483647,iterations=100000; seed=15032385572; tabuTenure=40; interNeighborhoodType=relocate; intraNeighborhoodType=relocate; vehicleLimit=2147483647
2026-04-28 04:48:18,data111.vrp,TABU,1217.9369769260718,1217.9369769260718,0.0,0.0,0.0,15,105742,106728885,106728884,0,0,1000.0,True,2147483647,iterations=10000; seed=15032385572; tabuTenure=40; interNeighborhoodType=relocate; intraNeighborhoodType=relocate; vehicleLimit=2147483647
2026-04-23 12:43:19,data101.vrp,TABU,1255.9512611536295,1255.9512611536295,16816.88771279364,0.0,0.0,8,108877,129300001,0,129300000,0,1000.0,False,2147483647,iterations=30000; seed=15032385571; tabuTenure=50; interNeighborhoodType=exchange; intraNeighborhoodType=relocate; vehicleLimit=2147483647
2026-04-28 04:53:30,data111.vrp,TABU,1217.9369769260718,1217.9369769260718,0.0,0.0,0.0,15,311851,319880319,319880318,0,0,1000.0,True,2147483647,iterations=30000; seed=15032385572; tabuTenure=40; interNeighborhoodType=relocate; intraNeighborhoodType=relocate; vehicleLimit=2147483647
2026-04-28 05:10:48,data111.vrp,TABU,1217.9369769260718,1217.9369769260718,0.0,0.0,0.0,15,1037926,1065910319,1065910318,0,0,1000.0,True,2147483647,iterations=100000; seed=15032385572; tabuTenure=40; interNeighborhoodType=relocate; intraNeighborhoodType=relocate; vehicleLimit=2147483647
2026-04-28 05:12:19,data111.vrp,TABU,993.4907094585136,993.4907094585136,7496.601065514356,0.0,0.0,8,88691,93584369,93584368,0,0,1000.0,False,2147483647,iterations=10000; seed=15032385573; tabuTenure=40; interNeighborhoodType=relocate; intraNeighborhoodType=relocate; vehicleLimit=2147483647
2026-04-28 05:16:47,data111.vrp,TABU,993.4907094585136,993.4907094585136,7496.601065514356,0.0,0.0,8,268187,280735785,280735784,0,0,1000.0,False,2147483647,iterations=30000; seed=15032385573; tabuTenure=40; interNeighborhoodType=relocate; intraNeighborhoodType=relocate; vehicleLimit=2147483647
2026-04-28 05:31:33,data111.vrp,TABU,993.4907094585136,993.4907094585136,7496.601065514356,0.0,0.0,8,885534,935765807,935765806,0,0,1000.0,False,2147483647,iterations=100000; seed=15032385573; tabuTenure=40; interNeighborhoodType=relocate; intraNeighborhoodType=relocate; vehicleLimit=2147483647
2026-04-28 05:33:21,data111.vrp,TABU,1211.5530525812023,1211.5530525812023,0.0,0.0,0.0,15,105482,107105713,107105712,0,0,1000.0,True,2147483647,iterations=10000; seed=15032385573; tabuTenure=40; interNeighborhoodType=relocate; intraNeighborhoodType=relocate; vehicleLimit=2147483647
2026-04-28 05:38:35,data111.vrp,TABU,1211.5530525812023,1211.5530525812023,0.0,0.0,0.0,15,313665,321024759,321024758,0,0,1000.0,True,2147483647,iterations=30000; seed=15032385573; tabuTenure=40; interNeighborhoodType=relocate; intraNeighborhoodType=relocate; vehicleLimit=2147483647
2026-04-28 05:56:02,data111.vrp,TABU,1211.5530525812023,1211.5530525812023,0.0,0.0,0.0,15,1047065,1069741431,1069741430,0,0,1000.0,True,2147483647,iterations=100000; seed=15032385573; tabuTenure=40; interNeighborhoodType=relocate; intraNeighborhoodType=relocate; vehicleLimit=2147483647
2026-04-28 05:57:32,data111.vrp,TABU,911.199518704558,911.199518704558,8618.659345050899,0.0,0.0,8,88161,94107105,94107104,0,0,1000.0,False,2147483647,iterations=10000; seed=15032385574; tabuTenure=40; interNeighborhoodType=relocate; intraNeighborhoodType=relocate; vehicleLimit=2147483647
2026-04-28 06:01:58,data111.vrp,TABU,911.199518704558,911.199518704558,8618.659345050899,0.0,0.0,8,265209,282337609,282337608,0,0,1000.0,False,2147483647,iterations=30000; seed=15032385574; tabuTenure=40; interNeighborhoodType=relocate; intraNeighborhoodType=relocate; vehicleLimit=2147483647
2026-04-23 12:43:33,data101.vrp,TABU,1744.5325821146553,1744.5325821146553,20430.494408868693,0.0,0.0,8,13200,16410001,0,0,0,1000.0,False,2147483647,iterations=30000; seed=15032385571; tabuTenure=50; interNeighborhoodType=relocate; intraNeighborhoodType=2opt; vehicleLimit=2147483647
2026-04-28 06:16:34,data111.vrp,TABU,911.199518704558,911.199518704558,8618.659345050899,0.0,0.0,8,876332,941144227,941144226,0,0,1000.0,False,2147483647,iterations=100000; seed=15032385574; tabuTenure=40; interNeighborhoodType=relocate; intraNeighborhoodType=relocate; vehicleLimit=2147483647
2026-04-28 06:18:19,data111.vrp,TABU,1189.3922876395045,1189.3922876395045,0.0,0.0,0.0,14,102821,105683791,105683790,0,0,1000.0,True,2147483647,iterations=10000; seed=15032385574; tabuTenure=40; interNeighborhoodType=relocate; intraNeighborhoodType=relocate; vehicleLimit=2147483647
2026-04-28 06:23:29,data111.vrp,TABU,1189.3922876395045,1189.3922876395045,0.0,0.0,0.0,14,309839,316759033,316759032,0,0,1000.0,True,2147483647,iterations=30000; seed=15032385574; tabuTenure=40; interNeighborhoodType=relocate; intraNeighborhoodType=relocate; vehicleLimit=2147483647
2026-04-28 06:40:35,data111.vrp,TABU,1189.3922876395045,1189.3922876395045,0.0,0.0,0.0,14,1025686,1055522359,1055522358,0,0,1000.0,True,2147483647,iterations=100000; seed=15032385574; tabuTenure=40; interNeighborhoodType=relocate; intraNeighborhoodType=relocate; vehicleLimit=2147483647
2026-04-28 06:42:06,data111.vrp,TABU,884.7293927954862,884.7293927954862,7424.644857852089,0.0,0.0,8,88684,94036259,94036258,0,0,1000.0,False,2147483647,iterations=10000; seed=15032385630; tabuTenure=40; interNeighborhoodType=relocate; intraNeighborhoodType=relocate; vehicleLimit=2147483647
2026-04-28 06:46:18,data111.vrp,TABU,884.7293927954862,884.7293927954862,7424.644857852089,0.0,0.0,8,252189,282104847,282104846,0,0,1000.0,False,2147483647,iterations=30000; seed=15032385630; tabuTenure=40; interNeighborhoodType=relocate; intraNeighborhoodType=relocate; vehicleLimit=2147483647
2026-04-23 12:48:04,data101.vrp,TABU,957.3221633733516,957.3221633733516,16168.044606014872,0.0,0.0,8,268546,282149271,282149270,0,0,1000.0,False,2147483647,iterations=30000; seed=15032385571; tabuTenure=40; interNeighborhoodType=relocate; intraNeighborhoodType=relocate; vehicleLimit=2147483647
2026-04-23 12:52:27,data101.vrp,TABU,943.4658738436924,943.4658738436924,14214.633926379993,0.0,0.0,8,262631,282103393,282103392,0,0,1000.0,False,2147483647,iterations=30000; seed=15032385571; tabuTenure=50; interNeighborhoodType=relocate; intraNeighborhoodType=relocate; vehicleLimit=2147483647
2026-04-23 13:25:45,data101.vrp,TABU,957.3221633733516,957.3221633733516,16168.044606014872,0.0,0.0,8,1997702,281952797,281952796,0,0,1000.0,False,2147483647,iterations=30000; seed=15032385571; tabuTenure=60; interNeighborhoodType=relocate; intraNeighborhoodType=relocate; vehicleLimit=2147483647
2026-04-23 13:30:31,data101.vrp,TABU,957.3221633733516,957.3221633733516,16168.044606014872,0.0,0.0,8,284975,281927815,281927814,0,0,1000.0,False,2147483647,iterations=30000; seed=15032385571; tabuTenure=70; interNeighborhoodType=relocate; intraNeighborhoodType=relocate; vehicleLimit=2147483647
2026-04-22 17:31:48,data101.vrp,TABU,1806.15892517255,1806.15892517255,0.0,0.0,0.0,23,408610,352045743,352045742,0,0,1000.0,True,2147483647,iterations=30000; seed=15032385571; tabuTenure=20; interNeighborhoodType=relocate; intraNeighborhoodType=relocate; vehicleLimit=2147483647
2026-04-23 13:35:07,data101.vrp,TABU,998.3628887694044,998.3628887694044,15955.652348581532,0.0,0.0,8,274664,281776335,281776334,0,0,1000.0,False,2147483647,iterations=30000; seed=15032385572; tabuTenure=50; interNeighborhoodType=relocate; intraNeighborhoodType=relocate; vehicleLimit=2147483647
2026-04-23 13:36:46,data101.vrp,TABU,1151.1290944671907,1151.1290944671907,16339.349538198268,0.0,0.0,8,98354,130020001,0,130020000,0,1000.0,False,2147483647,iterations=30000; seed=15032385572; tabuTenure=50; interNeighborhoodType=exchange; intraNeighborhoodType=relocate; vehicleLimit=2147483647
2026-04-23 13:36:59,data101.vrp,TABU,1726.9804141255563,1726.9804141255563,20258.61088778019,0.0,0.0,8,12106,15720001,0,0,0,1000.0,False,2147483647,iterations=30000; seed=15032385572; tabuTenure=50; interNeighborhoodType=relocate; intraNeighborhoodType=2opt; vehicleLimit=2147483647
2026-04-23 14:21:56,data101.vrp,TABU,996.261882695778,996.261882695778,15905.574148676278,0.0,0.0,8,2694264,281804317,281804316,0,0,1000.0,False,2147483647,iterations=30000; seed=15032385572; tabuTenure=40; interNeighborhoodType=relocate; intraNeighborhoodType=relocate; vehicleLimit=2147483647
2026-04-23 14:26:03,data101.vrp,TABU,998.3628887694044,998.3628887694044,15955.652348581532,0.0,0.0,8,247213,281776335,281776334,0,0,1000.0,False,2147483647,iterations=30000; seed=15032385572; tabuTenure=50; interNeighborhoodType=relocate; intraNeighborhoodType=relocate; vehicleLimit=2147483647
2026-04-23 14:30:10,data101.vrp,TABU,998.3628887694044,998.3628887694044,15955.652348581532,0.0,0.0,8,246085,281742823,281742822,0,0,1000.0,False,2147483647,iterations=30000; seed=15032385572; tabuTenure=60; interNeighborhoodType=relocate; intraNeighborhoodType=relocate; vehicleLimit=2147483647
2026-04-23 15:56:01,data101.vrp,TABU,998.4386807872082,998.4386807872082,16225.45000444991,0.0,0.0,8,5151376,281258959,281258958,0,0,1000.0,False,2147483647,iterations=30000; seed=15032385572; tabuTenure=70; interNeighborhoodType=relocate; intraNeighborhoodType=relocate; vehicleLimit=2147483647
2026-04-23 16:00:26,data101.vrp,TABU,1095.1171723531318,1095.1171723531318,15228.14080364037,0.0,0.0,8,263144,281560679,281560678,0,0,1000.0,False,2147483647,iterations=30000; seed=15032385573; tabuTenure=50; interNeighborhoodType=relocate; intraNeighborhoodType=relocate; vehicleLimit=2147483647
2026-04-23 16:02:09,data101.vrp,TABU,1260.8095548780232,1260.8095548780232,16523.513488226716,0.0,0.0,8,102938,129030001,0,129030000,0,1000.0,False,2147483647,iterations=30000; seed=15032385573; tabuTenure=50; interNeighborhoodType=exchange; intraNeighborhoodType=relocate; vehicleLimit=2147483647
2026-04-23 16:02:23,data101.vrp,TABU,1737.6917247520628,1737.6917247520628,20583.88039809168,0.0,0.0,8,12835,16710001,0,0,0,1000.0,False,2147483647,iterations=30000; seed=15032385573; tabuTenure=50; interNeighborhoodType=relocate; intraNeighborhoodType=2opt; vehicleLimit=2147483647
2026-04-22 17:38:19,data101.vrp,TABU,1806.15892517255,1806.15892517255,0.0,0.0,0.0,23,390411,352045307,352045306,0,0,1000.0,True,2147483647,iterations=30000; seed=15032385571; tabuTenure=30; interNeighborhoodType=relocate; intraNeighborhoodType=relocate; vehicleLimit=2147483647
2026-04-23 16:06:51,data101.vrp,TABU,993.4907094585136,993.4907094585136,16878.63924289712,0.0,0.0,8,265970,280735785,280735784,0,0,1000.0,False,2147483647,iterations=30000; seed=15032385573; tabuTenure=40; interNeighborhoodType=relocate; intraNeighborhoodType=relocate; vehicleLimit=2147483647
2026-04-23 16:11:14,data101.vrp,TABU,1095.1171723531318,1095.1171723531318,15228.14080364037,0.0,0.0,8,261704,281560679,281560678,0,0,1000.0,False,2147483647,iterations=30000; seed=15032385573; tabuTenure=50; interNeighborhoodType=relocate; intraNeighborhoodType=relocate; vehicleLimit=2147483647
2026-04-23 16:35:30,data101.vrp,TABU,1095.1171723531318,1095.1171723531318,15228.14080364037,0.0,0.0,8,1456053,281550385,281550384,0,0,1000.0,False,2147483647,iterations=30000; seed=15032385573; tabuTenure=60; interNeighborhoodType=relocate; intraNeighborhoodType=relocate; vehicleLimit=2147483647
2026-04-23 16:39:55,data101.vrp,TABU,997.840831280306,997.840831280306,15965.407473234594,0.0,0.0,8,264900,281477597,281477596,0,0,1000.0,False,2147483647,iterations=30000; seed=15032385573; tabuTenure=70; interNeighborhoodType=relocate; intraNeighborhoodType=relocate; vehicleLimit=2147483647
2026-04-23 16:44:21,data101.vrp,TABU,926.049246739634,926.049246739634,15229.79269887996,0.0,0.0,8,263930,281878145,281878144,0,0,1000.0,False,2147483647,iterations=30000; seed=15032385574; tabuTenure=50; interNeighborhoodType=relocate; intraNeighborhoodType=relocate; vehicleLimit=2147483647
2026-04-23 16:46:05,data101.vrp,TABU,1252.4684710032686,1252.4684710032686,16672.95577807504,0.0,0.0,8,103544,129360001,0,129360000,0,1000.0,False,2147483647,iterations=30000; seed=15032385574; tabuTenure=50; interNeighborhoodType=exchange; intraNeighborhoodType=relocate; vehicleLimit=2147483647
2026-04-23 16:46:19,data101.vrp,TABU,1666.0519082080907,1666.0519082080907,21336.14447141292,0.0,0.0,8,13314,16380001,0,0,0,1000.0,False,2147483647,iterations=30000; seed=15032385574; tabuTenure=50; interNeighborhoodType=relocate; intraNeighborhoodType=2opt; vehicleLimit=2147483647
2026-04-23 17:01:06,data101.vrp,TABU,911.199518704558,911.199518704558,15812.681756028418,0.0,0.0,8,885070,282337609,282337608,0,0,1000.0,False,2147483647,iterations=30000; seed=15032385574; tabuTenure=40; interNeighborhoodType=relocate; intraNeighborhoodType=relocate; vehicleLimit=2147483647
2026-04-23 17:05:31,data101.vrp,TABU,926.049246739634,926.049246739634,15229.79269887996,0.0,0.0,8,264618,281878145,281878144,0,0,1000.0,False,2147483647,iterations=30000; seed=15032385574; tabuTenure=50; interNeighborhoodType=relocate; intraNeighborhoodType=relocate; vehicleLimit=2147483647
2026-04-23 17:09:55,data101.vrp,TABU,926.049246739634,926.049246739634,15229.79269887996,0.0,0.0,8,263584,281895237,281895236,0,0,1000.0,False,2147483647,iterations=30000; seed=15032385574; tabuTenure=60; interNeighborhoodType=relocate; intraNeighborhoodType=relocate; vehicleLimit=2147483647
2026-04-22 17:46:02,data101.vrp,TABU,1800.345381234129,1800.345381234129,0.0,0.0,0.0,23,462533,352209925,352209924,0,0,1000.0,True,2147483647,iterations=30000; seed=15032385571; tabuTenure=40; interNeighborhoodType=relocate; intraNeighborhoodType=relocate; vehicleLimit=2147483647
2026-04-23 17:14:21,data101.vrp,TABU,931.3305549554332,931.3305549554332,16469.72813236033,0.0,0.0,8,265317,281191973,281191972,0,0,1000.0,False,2147483647,iterations=30000; seed=15032385574; tabuTenure=70; interNeighborhoodType=relocate; intraNeighborhoodType=relocate; vehicleLimit=2147483647
2026-04-23 17:18:26,data101.vrp,TABU,1004.2858563793536,1004.2858563793536,15378.830677798422,0.0,0.0,8,242963,281024359,281024358,0,0,1000.0,False,2147483647,iterations=30000; seed=15032385575; tabuTenure=50; interNeighborhoodType=relocate; intraNeighborhoodType=relocate; vehicleLimit=2147483647
2026-04-23 17:19:58,data101.vrp,TABU,1323.081041432651,1323.081041432651,17070.699097685345,0.0,0.0,8,92424,129660001,0,129660000,0,1000.0,False,2147483647,iterations=30000; seed=15032385575; tabuTenure=50; interNeighborhoodType=exchange; intraNeighborhoodType=relocate; vehicleLimit=2147483647
2026-04-23 17:20:11,data101.vrp,TABU,1803.844981665044,1803.844981665044,22285.72124226149,0.0,0.0,8,12001,16080001,0,0,0,1000.0,False,2147483647,iterations=30000; seed=15032385575; tabuTenure=50; interNeighborhoodType=relocate; intraNeighborhoodType=2opt; vehicleLimit=2147483647
2026-04-23 17:30:42,data101.vrp,TABU,961.9902309322975,961.9902309322975,12938.6293998568,0.0,0.0,8,628976,281991947,281991946,0,0,1000.0,False,2147483647,iterations=30000; seed=15032385575; tabuTenure=40; interNeighborhoodType=relocate; intraNeighborhoodType=relocate; vehicleLimit=2147483647
2026-04-23 17:34:45,data101.vrp,TABU,1004.2858563793536,1004.2858563793536,15378.830677798422,0.0,0.0,8,241956,281024359,281024358,0,0,1000.0,False,2147483647,iterations=30000; seed=15032385575; tabuTenure=50; interNeighborhoodType=relocate; intraNeighborhoodType=relocate; vehicleLimit=2147483647
2026-04-23 17:38:46,data101.vrp,TABU,1002.7223169602938,1002.7223169602938,14692.61399006481,0.0,0.0,8,241135,280997519,280997518,0,0,1000.0,False,2147483647,iterations=30000; seed=15032385575; tabuTenure=60; interNeighborhoodType=relocate; intraNeighborhoodType=relocate; vehicleLimit=2147483647
2026-04-23 17:43:11,data101.vrp,TABU,991.3162325728736,991.3162325728736,14462.107313316355,0.0,0.0,8,264797,280739581,280739580,0,0,1000.0,False,2147483647,iterations=30000; seed=15032385575; tabuTenure=70; interNeighborhoodType=relocate; intraNeighborhoodType=relocate; vehicleLimit=2147483647
2026-04-23 17:47:35,data101.vrp,TABU,912.7094195926104,912.7094195926104,12318.351739556125,0.0,0.0,8,261870,281551127,281551126,0,0,1000.0,False,2147483647,iterations=30000; seed=15032385576; tabuTenure=50; interNeighborhoodType=relocate; intraNeighborhoodType=relocate; vehicleLimit=2147483647
2026-04-23 17:49:18,data101.vrp,TABU,1249.1351230693767,1249.1351230693767,13681.532039946316,0.0,0.0,8,102571,129630001,0,129630000,0,1000.0,False,2147483647,iterations=30000; seed=15032385576; tabuTenure=50; interNeighborhoodType=exchange; intraNeighborhoodType=relocate; vehicleLimit=2147483647
2026-04-22 17:53:06,data101.vrp,TABU,1796.815572350666,1796.815572350666,0.0,0.0,0.0,23,423415,352611489,352611488,0,0,1000.0,True,2147483647,iterations=30000; seed=15032385571; tabuTenure=50; interNeighborhoodType=relocate; intraNeighborhoodType=relocate; vehicleLimit=2147483647
2026-04-23 17:49:31,data101.vrp,TABU,1867.608910185062,1867.608910185062,21612.782066945296,0.0,0.0,8,12223,16110001,0,0,0,1000.0,False,2147483647,iterations=30000; seed=15032385576; tabuTenure=50; interNeighborhoodType=relocate; intraNeighborhoodType=2opt; vehicleLimit=2147483647
2026-04-23 17:53:58,data101.vrp,TABU,873.5485090484924,873.5485090484924,12626.958335520769,0.0,0.0,8,264444,281576273,281576272,0,0,1000.0,False,2147483647,iterations=30000; seed=15032385576; tabuTenure=40; interNeighborhoodType=relocate; intraNeighborhoodType=relocate; vehicleLimit=2147483647
2026-04-23 18:43:17,data101.vrp,TABU,912.7094195926104,912.7094195926104,12318.351739556125,0.0,0.0,8,2959329,281551127,281551126,0,0,1000.0,False,2147483647,iterations=30000; seed=15032385576; tabuTenure=50; interNeighborhoodType=relocate; intraNeighborhoodType=relocate; vehicleLimit=2147483647
2026-04-23 18:47:39,data101.vrp,TABU,886.3670010537577,886.3670010537577,14350.503039577869,0.0,0.0,8,260853,281756139,281756138,0,0,1000.0,False,2147483647,iterations=30000; seed=15032385576; tabuTenure=60; interNeighborhoodType=relocate; intraNeighborhoodType=relocate; vehicleLimit=2147483647
2026-04-23 18:51:45,data101.vrp,TABU,919.3676732925431,919.3676732925431,14433.75941357547,0.0,0.0,8,246165,281167063,281167062,0,0,1000.0,False,2147483647,iterations=30000; seed=15032385576; tabuTenure=70; interNeighborhoodType=relocate; intraNeighborhoodType=relocate; vehicleLimit=2147483647
2026-04-23 18:56:09,data101.vrp,TABU,943.348538236309,943.348538236309,12682.953161138035,0.0,0.0,8,262245,281590577,281590576,0,0,1000.0,False,2147483647,iterations=30000; seed=15032385577; tabuTenure=50; interNeighborhoodType=relocate; intraNeighborhoodType=relocate; vehicleLimit=2147483647
2026-04-23 18:57:44,data101.vrp,TABU,1142.8317129227114,1142.8317129227114,14043.883179425477,0.0,0.0,8,94176,130380001,0,130380000,0,1000.0,False,2147483647,iterations=30000; seed=15032385577; tabuTenure=50; interNeighborhoodType=exchange; intraNeighborhoodType=relocate; vehicleLimit=2147483647
2026-04-23 18:57:56,data101.vrp,TABU,1814.6090454672587,1814.6090454672587,19498.66550401336,0.0,0.0,8,11816,15360001,0,0,0,1000.0,False,2147483647,iterations=30000; seed=15032385577; tabuTenure=50; interNeighborhoodType=relocate; intraNeighborhoodType=2opt; vehicleLimit=2147483647
2026-04-23 19:02:09,data101.vrp,TABU,934.7314748528124,934.7314748528124,13187.885115004156,0.0,0.0,8,250438,280769015,280769014,0,0,1000.0,False,2147483647,iterations=30000; seed=15032385577; tabuTenure=40; interNeighborhoodType=relocate; intraNeighborhoodType=relocate; vehicleLimit=2147483647
2026-04-23 19:06:22,data101.vrp,TABU,943.348538236309,943.348538236309,12682.953161138035,0.0,0.0,8,252697,281590577,281590576,0,0,1000.0,False,2147483647,iterations=30000; seed=15032385577; tabuTenure=50; interNeighborhoodType=relocate; intraNeighborhoodType=relocate; vehicleLimit=2147483647
2026-04-22 19:44:02,data101.vrp,TABU,1040.3258887374602,1040.3258887374602,14754.459768844245,0.0,0.0,8,243596,281517019,281517018,0,0,1000.0,False,2147483647,iterations=30000; seed=15032385570; tabuTenure=50; interNeighborhoodType=relocate; intraNeighborhoodType=relocate; vehicleLimit=2147483647
2026-04-23 19:10:32,data101.vrp,TABU,943.4982083263772,943.4982083263772,12738.396619019602,0.0,0.0,8,249661,281704895,281704894,0,0,1000.0,False,2147483647,iterations=30000; seed=15032385577; tabuTenure=60; interNeighborhoodType=relocate; intraNeighborhoodType=relocate; vehicleLimit=2147483647
2026-04-24 10:12:31,data101.vrp,TABU,1790.1554748289773,1790.1554748289773,0.0,0.0,0.0,23,532330,352164373,352164372,0,0,1000.0,True,2147483647,iterations=30000; seed=15032385570; tabuTenure=40; interNeighborhoodType=relocate; intraNeighborhoodType=relocate; vehicleLimit=2147483647
2026-04-24 10:18:11,data111.vrp,TABU,1176.1485692085123,1176.1485692085123,0.0,0.0,0.0,15,338289,319542485,319542484,0,0,1000.0,True,2147483647,iterations=30000; seed=15032385570; tabuTenure=40; interNeighborhoodType=relocate; intraNeighborhoodType=relocate; vehicleLimit=2147483647
2026-04-24 10:27:38,data201.vrp,TABU,1311.896031366104,1311.896031366104,0.0,0.0,0.0,14,566007,315948255,315948254,0,0,1000.0,True,2147483647,iterations=30000; seed=15032385570; tabuTenure=40; interNeighborhoodType=relocate; intraNeighborhoodType=relocate; vehicleLimit=2147483647
2026-04-27 18:14:17,data101.vrp,TABU,1040.3258887374602,1040.3258887374602,14754.459768844245,0.0,0.0,8,82580,93843325,93843324,0,0,1000.0,False,2147483647,iterations=10000; seed=15032385570; tabuTenure=40; interNeighborhoodType=relocate; intraNeighborhoodType=relocate; vehicleLimit=2147483647
2026-04-27 18:18:42,data101.vrp,TABU,1040.3258887374602,1040.3258887374602,14754.459768844245,0.0,0.0,8,264311,281529023,281529022,0,0,1000.0,False,2147483647,iterations=30000; seed=15032385570; tabuTenure=40; interNeighborhoodType=relocate; intraNeighborhoodType=relocate; vehicleLimit=2147483647
2026-04-27 18:33:57,data101.vrp,TABU,1040.3258887374602,1040.3258887374602,14754.459768844245,0.0,0.0,8,915346,938429057,938429056,0,0,1000.0,False,2147483647,iterations=100000; seed=15032385570; tabuTenure=40; interNeighborhoodType=relocate; intraNeighborhoodType=relocate; vehicleLimit=2147483647
2026-04-27 18:36:22,data101.vrp,TABU,1790.1554748289773,1790.1554748289773,0.0,0.0,0.0,23,142601,117514847,117514846,0,0,1000.0,True,2147483647,iterations=10000; seed=15032385570; tabuTenure=40; interNeighborhoodType=relocate; intraNeighborhoodType=relocate; vehicleLimit=2147483647
2026-04-27 18:43:19,data101.vrp,TABU,1790.1554748289773,1790.1554748289773,0.0,0.0,0.0,23,416508,352164373,352164372,0,0,1000.0,True,2147483647,iterations=30000; seed=15032385570; tabuTenure=40; interNeighborhoodType=relocate; intraNeighborhoodType=relocate; vehicleLimit=2147483647
2026-04-27 19:06:05,data101.vrp,TABU,1790.1554748289773,1790.1554748289773,0.0,0.0,0.0,23,1365812,1173437697,1173437696,0,0,1000.0,True,2147483647,iterations=100000; seed=15032385570; tabuTenure=40; interNeighborhoodType=relocate; intraNeighborhoodType=relocate; vehicleLimit=2147483647
2026-04-22 19:45:46,data101.vrp,TABU,1263.8499761770404,1263.8499761770404,15409.39022796906,0.0,0.0,8,103267,129540001,0,129540000,0,1000.0,False,2147483647,iterations=30000; seed=15032385570; tabuTenure=50; interNeighborhoodType=exchange; intraNeighborhoodType=relocate; vehicleLimit=2147483647
2026-04-27 19:07:37,data101.vrp,TABU,957.3221633733516,957.3221633733516,16168.044606014872,0.0,0.0,8,90529,94049279,94049278,0,0,1000.0,False,2147483647,iterations=10000; seed=15032385571; tabuTenure=40; interNeighborhoodType=relocate; intraNeighborhoodType=relocate; vehicleLimit=2147483647
2026-04-27 19:12:07,data101.vrp,TABU,957.3221633733516,957.3221633733516,16168.044606014872,0.0,0.0,8,269123,282149271,282149270,0,0,1000.0,False,2147483647,iterations=30000; seed=15032385571; tabuTenure=40; interNeighborhoodType=relocate; intraNeighborhoodType=relocate; vehicleLimit=2147483647
2026-04-27 19:27:19,data101.vrp,TABU,957.3221633733516,957.3221633733516,16168.044606014872,0.0,0.0,8,911459,940499273,940499272,0,0,1000.0,False,2147483647,iterations=100000; seed=15032385571; tabuTenure=40; interNeighborhoodType=relocate; intraNeighborhoodType=relocate; vehicleLimit=2147483647
2026-04-27 19:29:38,data101.vrp,TABU,1800.345381234129,1800.345381234129,0.0,0.0,0.0,23,138070,117527067,117527066,0,0,1000.0,True,2147483647,iterations=10000; seed=15032385571; tabuTenure=40; interNeighborhoodType=relocate; intraNeighborhoodType=relocate; vehicleLimit=2147483647
2026-04-27 19:36:24,data101.vrp,TABU,1800.345381234129,1800.345381234129,0.0,0.0,0.0,23,404785,352209925,352209924,0,0,1000.0,True,2147483647,iterations=30000; seed=15032385571; tabuTenure=40; interNeighborhoodType=relocate; intraNeighborhoodType=relocate; vehicleLimit=2147483647
2026-04-27 19:58:59,data101.vrp,TABU,1800.345381234129,1800.345381234129,0.0,0.0,0.0,23,1355020,1173599927,1173599926,0,0,1000.0,True,2147483647,iterations=100000; seed=15032385571; tabuTenure=40; interNeighborhoodType=relocate; intraNeighborhoodType=relocate; vehicleLimit=2147483647
2026-04-27 20:00:24,data101.vrp,TABU,996.261882695778,996.261882695778,15905.574148676278,0.0,0.0,8,82650,93933821,93933820,0,0,1000.0,False,2147483647,iterations=10000; seed=15032385572; tabuTenure=40; interNeighborhoodType=relocate; intraNeighborhoodType=relocate; vehicleLimit=2147483647
2026-04-27 20:04:35,data101.vrp,TABU,996.261882695778,996.261882695778,15905.574148676278,0.0,0.0,8,251175,281804317,281804316,0,0,1000.0,False,2147483647,iterations=30000; seed=15032385572; tabuTenure=40; interNeighborhoodType=relocate; intraNeighborhoodType=relocate; vehicleLimit=2147483647
2026-04-27 20:18:27,data101.vrp,TABU,996.261882695778,996.261882695778,15905.574148676278,0.0,0.0,8,831120,939350963,939350962,0,0,1000.0,False,2147483647,iterations=100000; seed=15032385572; tabuTenure=40; interNeighborhoodType=relocate; intraNeighborhoodType=relocate; vehicleLimit=2147483647
2026-04-27 20:20:50,data101.vrp,TABU,1804.4716237558837,1804.4716237558837,0.0,0.0,0.0,24,141793,118668559,118668558,0,0,1000.0,True,2147483647,iterations=10000; seed=15032385572; tabuTenure=40; interNeighborhoodType=relocate; intraNeighborhoodType=relocate; vehicleLimit=2147483647
2026-04-22 19:45:59,data101.vrp,TABU,1788.1251870770482,1788.1251870770482,20397.939852531883,0.0,0.0,8,13282,16170001,0,0,0,1000.0,False,2147483647,iterations=30000; seed=15032385570; tabuTenure=50; interNeighborhoodType=relocate; intraNeighborhoodType=2opt; vehicleLimit=2147483647
2026-04-27 20:27:56,data101.vrp,TABU,1804.4716237558837,1804.4716237558837,0.0,0.0,0.0,24,425320,355595231,355595230,0,0,1000.0,True,2147483647,iterations=30000; seed=15032385572; tabuTenure=40; interNeighborhoodType=relocate; intraNeighborhoodType=relocate; vehicleLimit=2147483647
2026-04-27 20:51:25,data101.vrp,TABU,1804.4716237558837,1804.4716237558837,0.0,0.0,0.0,24,1408880,1184838555,1184838554,0,0,1000.0,True,2147483647,iterations=100000; seed=15032385572; tabuTenure=40; interNeighborhoodType=relocate; intraNeighborhoodType=relocate; vehicleLimit=2147483647
2026-04-27 20:53:00,data101.vrp,TABU,993.4907094585136,993.4907094585136,16878.63924289712,0.0,0.0,8,93278,93584369,93584368,0,0,1000.0,False,2147483647,iterations=10000; seed=15032385573; tabuTenure=40; interNeighborhoodType=relocate; intraNeighborhoodType=relocate; vehicleLimit=2147483647
2026-04-27 20:57:39,data101.vrp,TABU,993.4907094585136,993.4907094585136,16878.63924289712,0.0,0.0,8,278457,280735785,280735784,0,0,1000.0,False,2147483647,iterations=30000; seed=15032385573; tabuTenure=40; interNeighborhoodType=relocate; intraNeighborhoodType=relocate; vehicleLimit=2147483647
2026-04-27 21:12:53,data101.vrp,TABU,993.4907094585136,993.4907094585136,16878.63924289712,0.0,0.0,8,913670,935765807,935765806,0,0,1000.0,False,2147483647,iterations=100000; seed=15032385573; tabuTenure=40; interNeighborhoodType=relocate; intraNeighborhoodType=relocate; vehicleLimit=2147483647
2026-04-27 21:15:15,data101.vrp,TABU,1745.2775516778593,1745.2775516778593,0.0,0.0,0.0,23,139500,117488113,117488112,0,0,1000.0,True,2147483647,iterations=10000; seed=15032385573; tabuTenure=40; interNeighborhoodType=relocate; intraNeighborhoodType=relocate; vehicleLimit=2147483647
2026-04-27 21:22:12,data101.vrp,TABU,1745.2775516778593,1745.2775516778593,0.0,0.0,0.0,23,417091,352133829,352133828,0,0,1000.0,True,2147483647,iterations=30000; seed=15032385573; tabuTenure=40; interNeighborhoodType=relocate; intraNeighborhoodType=relocate; vehicleLimit=2147483647
2026-04-27 21:45:42,data101.vrp,TABU,1745.2775516778593,1745.2775516778593,0.0,0.0,0.0,23,1409232,1173393827,1173393826,0,0,1000.0,True,2147483647,iterations=100000; seed=15032385573; tabuTenure=40; interNeighborhoodType=relocate; intraNeighborhoodType=relocate; vehicleLimit=2147483647
2026-04-27 21:47:33,data101.vrp,TABU,911.199518704558,911.199518704558,15812.681756028418,0.0,0.0,8,109694,94107105,94107104,0,0,1000.0,False,2147483647,iterations=10000; seed=15032385574; tabuTenure=40; interNeighborhoodType=relocate; intraNeighborhoodType=relocate; vehicleLimit=2147483647
2026-04-27 21:52:26,data101.vrp,TABU,911.199518704558,911.199518704558,15812.681756028418,0.0,0.0,8,292013,282337609,282337608,0,0,1000.0,False,2147483647,iterations=30000; seed=15032385574; tabuTenure=40; interNeighborhoodType=relocate; intraNeighborhoodType=relocate; vehicleLimit=2147483647
2026-04-22 19:50:05,data101.vrp,TABU,1040.3258887374602,1040.3258887374602,14754.459768844245,0.0,0.0,8,242917,281529023,281529022,0,0,1000.0,False,2147483647,iterations=30000; seed=15032385570; tabuTenure=40; interNeighborhoodType=relocate; intraNeighborhoodType=relocate; vehicleLimit=2147483647
2026-04-27 22:08:06,data101.vrp,TABU,911.199518704558,911.199518704558,15812.681756028418,0.0,0.0,8,939743,941144227,941144226,0,0,1000.0,False,2147483647,iterations=100000; seed=15032385574; tabuTenure=40; interNeighborhoodType=relocate; intraNeighborhoodType=relocate; vehicleLimit=2147483647
2026-04-27 22:10:31,data101.vrp,TABU,1825.0005106642225,1825.0005106642225,0.0,0.0,0.0,23,143085,117626609,117626608,0,0,1000.0,True,2147483647,iterations=10000; seed=15032385574; tabuTenure=40; interNeighborhoodType=relocate; intraNeighborhoodType=relocate; vehicleLimit=2147483647
2026-04-27 22:17:41,data101.vrp,TABU,1825.0005106642225,1825.0005106642225,0.0,0.0,0.0,23,429343,352507561,352507560,0,0,1000.0,True,2147483647,iterations=30000; seed=15032385574; tabuTenure=40; interNeighborhoodType=relocate; intraNeighborhoodType=relocate; vehicleLimit=2147483647
2026-04-27 22:41:35,data101.vrp,TABU,1825.0005106642225,1825.0005106642225,0.0,0.0,0.0,23,1433324,1174590895,1174590894,0,0,1000.0,True,2147483647,iterations=100000; seed=15032385574; tabuTenure=40; interNeighborhoodType=relocate; intraNeighborhoodType=relocate; vehicleLimit=2147483647
2026-04-27 22:43:06,data101.vrp,TABU,884.7293927954862,884.7293927954862,15123.67399183002,0.0,0.0,8,89123,94036259,94036258,0,0,1000.0,False,2147483647,iterations=10000; seed=15032385630; tabuTenure=40; interNeighborhoodType=relocate; intraNeighborhoodType=relocate; vehicleLimit=2147483647
2026-04-27 22:47:32,data101.vrp,TABU,884.7293927954862,884.7293927954862,15123.67399183002,0.0,0.0,8,265828,282104847,282104846,0,0,1000.0,False,2147483647,iterations=30000; seed=15032385630; tabuTenure=40; interNeighborhoodType=relocate; intraNeighborhoodType=relocate; vehicleLimit=2147483647
2026-04-27 23:02:21,data101.vrp,TABU,884.7293927954862,884.7293927954862,15123.67399183002,0.0,0.0,8,888722,940344849,940344848,0,0,1000.0,False,2147483647,iterations=100000; seed=15032385630; tabuTenure=40; interNeighborhoodType=relocate; intraNeighborhoodType=relocate; vehicleLimit=2147483647
2026-04-27 23:04:37,data101.vrp,TABU,1805.6870389228675,1805.6870389228675,0.0,0.0,0.0,23,134486,117452183,117452182,0,0,1000.0,True,2147483647,iterations=10000; seed=15032385630; tabuTenure=40; interNeighborhoodType=relocate; intraNeighborhoodType=relocate; vehicleLimit=2147483647
2026-04-27 23:11:23,data101.vrp,TABU,1805.6870389228675,1805.6870389228675,0.0,0.0,0.0,23,405195,352009325,352009324,0,0,1000.0,True,2147483647,iterations=30000; seed=15032385630; tabuTenure=40; interNeighborhoodType=relocate; intraNeighborhoodType=relocate; vehicleLimit=2147483647
2026-04-27 23:33:36,data101.vrp,TABU,1805.6870389228675,1805.6870389228675,0.0,0.0,0.0,23,1332226,1172959317,1172959316,0,0,1000.0,True,2147483647,iterations=100000; seed=15032385630; tabuTenure=40; interNeighborhoodType=relocate; intraNeighborhoodType=relocate; vehicleLimit=2147483647
