"timestamp","status","index","total","instance","enforce_time_windows","seed","scenario","algo","message"
"2026-04-22 19:39:57","ok","1","1800","data/data101.vrp","non","41","SA_inter_relocate_baseline","sa",""
"2026-04-22 19:39:58","ok","2","1800","data/data101.vrp","non","41","SA_inter_exchange_baseline","sa",""
"2026-04-22 19:39:58","ok","3","1800","data/data101.vrp","non","41","SA_intra_2opt_baseline","sa",""
"2026-04-22 19:44:02","ok","4","1800","data/data101.vrp","non","41","TABU_inter_relocate_baseline","tabu",""
"2026-04-22 19:45:46","ok","5","1800","data/data101.vrp","non","41","TABU_inter_exchange_baseline","tabu",""
"2026-04-22 19:45:59","ok","6","1800","data/data101.vrp","non","41","TABU_intra_2opt_baseline","tabu",""
"2026-04-22 19:46:00","ok","7","1800","data/data101.vrp","non","41","SA_tuning_T1000_C09995","sa",""
"2026-04-22 19:46:00","ok","8","1800","data/data101.vrp","non","41","SA_tuning_T1250_C09993","sa",""
"2026-04-22 19:46:01","ok","9","1800","data/data101.vrp","non","41","SA_tuning_T1250_C09995","sa",""
"2026-04-22 19:46:01","ok","10","1800","data/data101.vrp","non","41","SA_tuning_T1250_C09997","sa",""
"2026-04-22 19:46:02","ok","11","1800","data/data101.vrp","non","41","SA_tuning_T1400_C09995","sa",""
"2026-04-22 19:50:05","ok","12","1800","data/data101.vrp","non","41","TABU_tuning_tenure_40","tabu",""
"2026-04-22 19:54:30","ok","13","1800","data/data101.vrp","non","41","TABU_tuning_tenure_50","tabu",""
"2026-04-23 12:32:39","ok","14","1800","data/data101.vrp","non","41","TABU_tuning_tenure_60","tabu",""
"2026-04-23 12:37:03","ok","15","1800","data/data101.vrp","non","41","TABU_tuning_tenure_70","tabu",""
"2026-04-23 12:37:03","ok","16","1800","data/data101.vrp","non","42","SA_inter_relocate_baseline","sa",""
"2026-04-23 12:37:04","ok","17","1800","data/data101.vrp","non","42","SA_inter_exchange_baseline","sa",""
"2026-04-23 12:37:04","ok","18","1800","data/data101.vrp","non","42","SA_intra_2opt_baseline","sa",""
"2026-04-23 12:41:30","ok","19","1800","data/data101.vrp","non","42","TABU_inter_relocate_baseline","tabu",""
"2026-04-23 12:43:20","ok","20","1800","data/data101.vrp","non","42","TABU_inter_exchange_baseline","tabu",""
"2026-04-23 12:43:33","ok","21","1800","data/data101.vrp","non","42","TABU_intra_2opt_baseline","tabu",""
"2026-04-23 12:43:34","ok","22","1800","data/data101.vrp","non","42","SA_tuning_T1000_C09995","sa",""
"2026-04-23 12:43:34","ok","23","1800","data/data101.vrp","non","42","SA_tuning_T1250_C09993","sa",""
"2026-04-23 12:43:34","ok","24","1800","data/data101.vrp","non","42","SA_tuning_T1250_C09995","sa",""
"2026-04-23 12:43:35","ok","25","1800","data/data101.vrp","non","42","SA_tuning_T1250_C09997","sa",""
"2026-04-23 12:43:35","ok","26","1800","data/data101.vrp","non","42","SA_tuning_T1400_C09995","sa",""
"2026-04-23 12:48:04","ok","27","1800","data/data101.vrp","non","42","TABU_tuning_tenure_40","tabu",""
"2026-04-23 12:52:27","ok","28","1800","data/data101.vrp","non","42","TABU_tuning_tenure_50","tabu",""
"2026-04-23 13:25:45","ok","29","1800","data/data101.vrp","non","42","TABU_tuning_tenure_60","tabu",""
"2026-04-23 13:30:31","ok","30","1800","data/data101.vrp","non","42","TABU_tuning_tenure_70","tabu",""
"2026-04-23 13:30:31","ok","31","1800","data/data101.vrp","non","43","SA_inter_relocate_baseline","sa",""
"2026-04-23 13:30:32","ok","32","1800","data/data101.vrp","non","43","SA_inter_exchange_baseline","sa",""
"2026-04-23 13:30:32","ok","33","1800","data/data101.vrp","non","43","SA_intra_2opt_baseline","sa",""
"2026-04-23 13:35:07","ok","34","1800","data/data101.vrp","non","43","TABU_inter_relocate_baseline","tabu",""
"2026-04-23 13:36:46","ok","35","1800","data/data101.vrp","non","43","TABU_inter_exchange_baseline","tabu",""
"2026-04-23 13:36:59","ok","36","1800","data/data101.vrp","non","43","TABU_intra_2opt_baseline","tabu",""
"2026-04-23 13:36:59","ok","37","1800","data/data101.vrp","non","43","SA_tuning_T1000_C09995","sa",""
"2026-04-23 13:37:00","ok","38","1800","data/data101.vrp","non","43","SA_tuning_T1250_C09993","sa",""
"2026-04-23 13:37:00","ok","39","1800","data/data101.vrp","non","43","SA_tuning_T1250_C09995","sa",""
"2026-04-23 13:37:00","ok","40","1800","data/data101.vrp","non","43","SA_tuning_T1250_C09997","sa",""
"2026-04-23 13:37:01","ok","41","1800","data/data101.vrp","non","43","SA_tuning_T1400_C09995","sa",""
"2026-04-23 14:21:56","ok","42","1800","data/data101.vrp","non","43","TABU_tuning_tenure_40","tabu",""
"2026-04-23 14:26:03","ok","43","1800","data/data101.vrp","non","43","TABU_tuning_tenure_50","tabu",""
"2026-04-23 14:30:10","ok","44","1800","data/data101.vrp","non","43","TABU_tuning_tenure_60","tabu",""
"2026-04-23 15:56:01","ok","45","1800","data/data101.vrp","non","43","TABU_tuning_tenure_70","tabu",""
"2026-04-23 15:56:02","ok","46","1800","data/data101.vrp","non","44","SA_inter_relocate_baseline","sa",""
"2026-04-23 15:56:02","ok","47","1800","data/data101.vrp","non","44","SA_inter_exchange_baseline","sa",""
"2026-04-23 15:56:03","ok","48","1800","data/data101.vrp","non","44","SA_intra_2opt_baseline","sa",""
"2026-04-23 16:00:26","ok","49","1800","data/data101.vrp","non","44","TABU_inter_relocate_baseline","tabu",""
"2026-04-23 16:02:10","ok","50","1800","data/data101.vrp","non","44","TABU_inter_exchange_baseline","tabu",""
"2026-04-23 16:02:23","ok","51","1800","data/data101.vrp","non","44","TABU_intra_2opt_baseline","tabu",""
"2026-04-23 16:02:23","ok","52","1800","data/data101.vrp","non","44","SA_tuning_T1000_C09995","sa",""
"2026-04-23 16:02:24","ok","53","1800","data/data101.vrp","non","44","SA_tuning_T1250_C09993","sa",""
"2026-04-23 16:02:24","ok","54","1800","data/data101.vrp","non","44","SA_tuning_T1250_C09995","sa",""
"2026-04-23 16:02:25","ok","55","1800","data/data101.vrp","non","44","SA_tuning_T1250_C09997","sa",""
"2026-04-23 16:02:25","ok","56","1800","data/data101.vrp","non","44","SA_tuning_T1400_C09995","sa",""
"2026-04-23 16:06:52","ok","57","1800","data/data101.vrp","non","44","TABU_tuning_tenure_40","tabu",""
"2026-04-23 16:11:14","ok","58","1800","data/data101.vrp","non","44","TABU_tuning_tenure_50","tabu",""
"2026-04-23 16:35:30","ok","59","1800","data/data101.vrp","non","44","TABU_tuning_tenure_60","tabu",""
"2026-04-23 16:39:55","ok","60","1800","data/data101.vrp","non","44","TABU_tuning_tenure_70","tabu",""
"2026-04-23 16:39:56","ok","61","1800","data/data101.vrp","non","45","SA_inter_relocate_baseline","sa",""
"2026-04-23 16:39:56","ok","62","1800","data/data101.vrp","non","45","SA_inter_exchange_baseline","sa",""
"2026-04-23 16:39:57","ok","63","1800","data/data101.vrp","non","45","SA_intra_2opt_baseline","sa",""
"2026-04-23 16:44:21","ok","64","1800","data/data101.vrp","non","45","TABU_inter_relocate_baseline","tabu",""
"2026-04-23 16:46:05","ok","65","1800","data/data101.vrp","non","45","TABU_inter_exchange_baseline","tabu",""
"2026-04-23 16:46:19","ok","66","1800","data/data101.vrp","non","45","TABU_intra_2opt_baseline","tabu",""
"2026-04-23 16:46:19","ok","67","1800","data/data101.vrp","non","45","SA_tuning_T1000_C09995","sa",""
"2026-04-23 16:46:20","ok","68","1800","data/data101.vrp","non","45","SA_tuning_T1250_C09993","sa",""
"2026-04-23 16:46:20","ok","69","1800","data/data101.vrp","non","45","SA_tuning_T1250_C09995","sa",""
"2026-04-23 16:46:21","ok","70","1800","data/data101.vrp","non","45","SA_tuning_T1250_C09997","sa",""
"2026-04-23 16:46:21","ok","71","1800","data/data101.vrp","non","45","SA_tuning_T1400_C09995","sa",""
"2026-04-23 17:01:06","ok","72","1800","data/data101.vrp","non","45","TABU_tuning_tenure_40","tabu",""
"2026-04-23 17:05:31","ok","73","1800","data/data101.vrp","non","45","TABU_tuning_tenure_50","tabu",""
"2026-04-23 17:09:55","ok","74","1800","data/data101.vrp","non","45","TABU_tuning_tenure_60","tabu",""
"2026-04-23 17:14:21","ok","75","1800","data/data101.vrp","non","45","TABU_tuning_tenure_70","tabu",""
"2026-04-23 17:14:21","ok","76","1800","data/data101.vrp","non","46","SA_inter_relocate_baseline","sa",""
"2026-04-23 17:14:22","ok","77","1800","data/data101.vrp","non","46","SA_inter_exchange_baseline","sa",""
"2026-04-23 17:14:22","ok","78","1800","data/data101.vrp","non","46","SA_intra_2opt_baseline","sa",""
"2026-04-23 17:18:26","ok","79","1800","data/data101.vrp","non","46","TABU_inter_relocate_baseline","tabu",""
"2026-04-23 17:19:59","ok","80","1800","data/data101.vrp","non","46","TABU_inter_exchange_baseline","tabu",""
"2026-04-23 17:20:11","ok","81","1800","data/data101.vrp","non","46","TABU_intra_2opt_baseline","tabu",""
"2026-04-23 17:20:11","ok","82","1800","data/data101.vrp","non","46","SA_tuning_T1000_C09995","sa",""
"2026-04-23 17:20:12","ok","83","1800","data/data101.vrp","non","46","SA_tuning_T1250_C09993","sa",""
"2026-04-23 17:20:12","ok","84","1800","data/data101.vrp","non","46","SA_tuning_T1250_C09995","sa",""
"2026-04-23 17:20:13","ok","85","1800","data/data101.vrp","non","46","SA_tuning_T1250_C09997","sa",""
"2026-04-23 17:20:13","ok","86","1800","data/data101.vrp","non","46","SA_tuning_T1400_C09995","sa",""
"2026-04-23 17:30:42","ok","87","1800","data/data101.vrp","non","46","TABU_tuning_tenure_40","tabu",""
"2026-04-23 17:34:45","ok","88","1800","data/data101.vrp","non","46","TABU_tuning_tenure_50","tabu",""
"2026-04-23 17:38:46","ok","89","1800","data/data101.vrp","non","46","TABU_tuning_tenure_60","tabu",""
"2026-04-23 17:43:11","ok","90","1800","data/data101.vrp","non","46","TABU_tuning_tenure_70","tabu",""
"2026-04-23 17:43:12","ok","91","1800","data/data101.vrp","non","47","SA_inter_relocate_baseline","sa",""
"2026-04-23 17:43:12","ok","92","1800","data/data101.vrp","non","47","SA_inter_exchange_baseline","sa",""
"2026-04-23 17:43:13","ok","93","1800","data/data101.vrp","non","47","SA_intra_2opt_baseline","sa",""
"2026-04-23 17:47:35","ok","94","1800","data/data101.vrp","non","47","TABU_inter_relocate_baseline","tabu",""
"2026-04-23 17:49:18","ok","95","1800","data/data101.vrp","non","47","TABU_inter_exchange_baseline","tabu",""
"2026-04-23 17:49:31","ok","96","1800","data/data101.vrp","non","47","TABU_intra_2opt_baseline","tabu",""
"2026-04-23 17:49:31","ok","97","1800","data/data101.vrp","non","47","SA_tuning_T1000_C09995","sa",""
"2026-04-23 17:49:31","ok","98","1800","data/data101.vrp","non","47","SA_tuning_T1250_C09993","sa",""
"2026-04-23 17:49:32","ok","99","1800","data/data101.vrp","non","47","SA_tuning_T1250_C09995","sa",""
"2026-04-23 17:49:32","ok","100","1800","data/data101.vrp","non","47","SA_tuning_T1250_C09997","sa",""
"2026-04-23 17:49:33","ok","101","1800","data/data101.vrp","non","47","SA_tuning_T1400_C09995","sa",""
"2026-04-23 17:53:58","ok","102","1800","data/data101.vrp","non","47","TABU_tuning_tenure_40","tabu",""
"2026-04-23 18:43:17","ok","103","1800","data/data101.vrp","non","47","TABU_tuning_tenure_50","tabu",""
"2026-04-23 18:47:39","ok","104","1800","data/data101.vrp","non","47","TABU_tuning_tenure_60","tabu",""
"2026-04-23 18:51:45","ok","105","1800","data/data101.vrp","non","47","TABU_tuning_tenure_70","tabu",""
"2026-04-23 18:51:46","ok","106","1800","data/data101.vrp","non","48","SA_inter_relocate_baseline","sa",""
"2026-04-23 18:51:46","ok","107","1800","data/data101.vrp","non","48","SA_inter_exchange_baseline","sa",""
"2026-04-23 18:51:46","ok","108","1800","data/data101.vrp","non","48","SA_intra_2opt_baseline","sa",""
"2026-04-23 18:56:09","ok","109","1800","data/data101.vrp","non","48","TABU_inter_relocate_baseline","tabu",""
"2026-04-23 18:57:44","ok","110","1800","data/data101.vrp","non","48","TABU_inter_exchange_baseline","tabu",""
"2026-04-23 18:57:56","ok","111","1800","data/data101.vrp","non","48","TABU_intra_2opt_baseline","tabu",""
"2026-04-23 18:57:56","ok","112","1800","data/data101.vrp","non","48","SA_tuning_T1000_C09995","sa",""
"2026-04-23 18:57:57","ok","113","1800","data/data101.vrp","non","48","SA_tuning_T1250_C09993","sa",""
"2026-04-23 18:57:57","ok","114","1800","data/data101.vrp","non","48","SA_tuning_T1250_C09995","sa",""
"2026-04-23 18:57:58","ok","115","1800","data/data101.vrp","non","48","SA_tuning_T1250_C09997","sa",""
"2026-04-23 18:57:58","ok","116","1800","data/data101.vrp","non","48","SA_tuning_T1400_C09995","sa",""
"2026-04-23 19:02:09","ok","117","1800","data/data101.vrp","non","48","TABU_tuning_tenure_40","tabu",""
"2026-04-23 19:06:22","ok","118","1800","data/data101.vrp","non","48","TABU_tuning_tenure_50","tabu",""
"2026-04-23 19:10:32","ok","119","1800","data/data101.vrp","non","48","TABU_tuning_tenure_60","tabu",""
