"timestamp","status","index","penalty","temp","cooling","iterations","seed"
"2026-04-29 11:39:46","ok","1","1000","500","0,998","50000","101"
"2026-04-29 11:39:46","ok","2","1000","500","0,998","50000","102"
"2026-04-29 11:39:47","ok","3","1000","500","0,998","50000","103"
"2026-04-29 11:39:47","ok","4","1000","500","0,998","100000","101"
"2026-04-29 11:39:48","ok","5","1000","500","0,998","100000","102"
"2026-04-29 11:39:49","ok","6","1000","500","0,998","100000","103"
"2026-04-29 11:39:49","ok","7","1000","500","0,9993","50000","101"
"2026-04-29 11:39:50","ok","8","1000","500","0,9993","50000","102"
"2026-04-29 11:39:50","ok","9","1000","500","0,9993","50000","103"
"2026-04-29 11:39:51","ok","10","1000","500","0,9993","100000","101"
"2026-04-29 11:39:52","ok","11","1000","500","0,9993","100000","102"
"2026-04-29 11:39:52","ok","12","1000","500","0,9993","100000","103"
"2026-04-29 11:39:53","ok","13","1000","500","0,9995","50000","101"
"2026-04-29 11:39:53","ok","14","1000","500","0,9995","50000","102"
"2026-04-29 11:39:54","ok","15","1000","500","0,9995","50000","103"
"2026-04-29 11:39:54","ok","16","1000","500","0,9995","100000","101"
"2026-04-29 11:39:55","ok","17","1000","500","0,9995","100000","102"
"2026-04-29 11:39:56","ok","18","1000","500","0,9995","100000","103"
"2026-04-29 11:39:56","ok","19","1000","500","0,999","50000","101"
"2026-04-29 11:39:57","ok","20","1000","500","0,999","50000","102"
"2026-04-29 11:39:57","ok","21","1000","500","0,999","50000","103"
"2026-04-29 11:39:58","ok","22","1000","500","0,999","100000","101"
"2026-04-29 11:39:59","ok","23","1000","500","0,999","100000","102"
"2026-04-29 11:39:59","ok","24","1000","500","0,999","100000","103"
"2026-04-29 11:40:00","ok","25","1000","1000","0,998","50000","101"
"2026-04-29 11:40:00","ok","26","1000","1000","0,998","50000","102"
"2026-04-29 11:40:01","ok","27","1000","1000","0,998","50000","103"
"2026-04-29 11:40:01","ok","28","1000","1000","0,998","100000","101"
"2026-04-29 11:40:02","ok","29","1000","1000","0,998","100000","102"
"2026-04-29 11:40:03","ok","30","1000","1000","0,998","100000","103"
"2026-04-29 11:40:03","ok","31","1000","1000","0,9993","50000","101"
"2026-04-29 11:40:04","ok","32","1000","1000","0,9993","50000","102"
"2026-04-29 11:40:04","ok","33","1000","1000","0,9993","50000","103"
"2026-04-29 11:40:05","ok","34","1000","1000","0,9993","100000","101"
"2026-04-29 11:40:06","ok","35","1000","1000","0,9993","100000","102"
"2026-04-29 11:40:06","ok","36","1000","1000","0,9993","100000","103"
"2026-04-29 11:40:07","ok","37","1000","1000","0,9995","50000","101"
"2026-04-29 11:40:07","ok","38","1000","1000","0,9995","50000","102"
"2026-04-29 11:40:08","ok","39","1000","1000","0,9995","50000","103"
"2026-04-29 11:40:08","ok","40","1000","1000","0,9995","100000","101"
"2026-04-29 11:40:09","ok","41","1000","1000","0,9995","100000","102"
"2026-04-29 11:40:10","ok","42","1000","1000","0,9995","100000","103"
"2026-04-29 11:40:10","ok","43","1000","1000","0,999","50000","101"
"2026-04-29 11:40:11","ok","44","1000","1000","0,999","50000","102"
"2026-04-29 11:40:11","ok","45","1000","1000","0,999","50000","103"
"2026-04-29 11:40:12","ok","46","1000","1000","0,999","100000","101"
"2026-04-29 11:40:12","ok","47","1000","1000","0,999","100000","102"
"2026-04-29 11:40:13","ok","48","1000","1000","0,999","100000","103"
"2026-04-29 11:40:14","ok","49","1000","1250","0,998","50000","101"
"2026-04-29 11:40:14","ok","50","1000","1250","0,998","50000","102"
"2026-04-29 11:40:15","ok","51","1000","1250","0,998","50000","103"
"2026-04-29 11:40:15","ok","52","1000","1250","0,998","100000","101"
"2026-04-29 11:40:16","ok","53","1000","1250","0,998","100000","102"
"2026-04-29 11:40:16","ok","54","1000","1250","0,998","100000","103"
"2026-04-29 11:40:17","ok","55","1000","1250","0,9993","50000","101"
"2026-04-29 11:40:17","ok","56","1000","1250","0,9993","50000","102"
"2026-04-29 11:40:18","ok","57","1000","1250","0,9993","50000","103"
"2026-04-29 11:40:19","ok","58","1000","1250","0,9993","100000","101"
"2026-04-29 11:40:19","ok","59","1000","1250","0,9993","100000","102"
"2026-04-29 11:40:20","ok","60","1000","1250","0,9993","100000","103"
"2026-04-29 11:40:20","ok","61","1000","1250","0,9995","50000","101"
"2026-04-29 11:40:21","ok","62","1000","1250","0,9995","50000","102"
"2026-04-29 11:40:21","ok","63","1000","1250","0,9995","50000","103"
"2026-04-29 11:40:22","ok","64","1000","1250","0,9995","100000","101"
"2026-04-29 11:40:23","ok","65","1000","1250","0,9995","100000","102"
"2026-04-29 11:40:23","ok","66","1000","1250","0,9995","100000","103"
"2026-04-29 11:40:24","ok","67","1000","1250","0,999","50000","101"
"2026-04-29 11:40:24","ok","68","1000","1250","0,999","50000","102"
"2026-04-29 11:40:25","ok","69","1000","1250","0,999","50000","103"
"2026-04-29 11:40:25","ok","70","1000","1250","0,999","100000","101"
"2026-04-29 11:40:26","ok","71","1000","1250","0,999","100000","102"
"2026-04-29 11:40:27","ok","72","1000","1250","0,999","100000","103"
"2026-04-29 11:40:27","ok","73","1000","1500","0,998","50000","101"
"2026-04-29 11:40:28","ok","74","1000","1500","0,998","50000","102"
"2026-04-29 11:40:28","ok","75","1000","1500","0,998","50000","103"
"2026-04-29 11:40:29","ok","76","1000","1500","0,998","100000","101"
"2026-04-29 11:40:30","ok","77","1000","1500","0,998","100000","102"
"2026-04-29 11:40:30","ok","78","1000","1500","0,998","100000","103"
"2026-04-29 11:40:31","ok","79","1000","1500","0,9993","50000","101"
"2026-04-29 11:40:32","ok","80","1000","1500","0,9993","50000","102"
"2026-04-29 11:40:32","ok","81","1000","1500","0,9993","50000","103"
"2026-04-29 11:40:33","ok","82","1000","1500","0,9993","100000","101"
"2026-04-29 11:40:33","ok","83","1000","1500","0,9993","100000","102"
"2026-04-29 11:40:34","ok","84","1000","1500","0,9993","100000","103"
"2026-04-29 11:40:35","ok","85","1000","1500","0,9995","50000","101"
"2026-04-29 11:40:35","ok","86","1000","1500","0,9995","50000","102"
"2026-04-29 11:40:36","ok","87","1000","1500","0,9995","50000","103"
"2026-04-29 11:40:36","ok","88","1000","1500","0,9995","100000","101"
"2026-04-29 11:40:37","ok","89","1000","1500","0,9995","100000","102"
"2026-04-29 11:40:38","ok","90","1000","1500","0,9995","100000","103"
"2026-04-29 11:40:38","ok","91","1000","1500","0,999","50000","101"
"2026-04-29 11:40:39","ok","92","1000","1500","0,999","50000","102"
"2026-04-29 11:40:39","ok","93","1000","1500","0,999","50000","103"
"2026-04-29 11:40:40","ok","94","1000","1500","0,999","100000","101"
"2026-04-29 11:40:41","ok","95","1000","1500","0,999","100000","102"
"2026-04-29 11:40:41","ok","96","1000","1500","0,999","100000","103"
"2026-04-29 11:40:42","ok","97","1000","2000","0,998","50000","101"
"2026-04-29 11:40:42","ok","98","1000","2000","0,998","50000","102"
"2026-04-29 11:40:43","ok","99","1000","2000","0,998","50000","103"
"2026-04-29 11:40:44","ok","100","1000","2000","0,998","100000","101"
"2026-04-29 11:40:44","ok","101","1000","2000","0,998","100000","102"
"2026-04-29 11:40:45","ok","102","1000","2000","0,998","100000","103"
"2026-04-29 11:40:45","ok","103","1000","2000","0,9993","50000","101"
"2026-04-29 11:40:46","ok","104","1000","2000","0,9993","50000","102"
"2026-04-29 11:40:46","ok","105","1000","2000","0,9993","50000","103"
"2026-04-29 11:40:47","ok","106","1000","2000","0,9993","100000","101"
"2026-04-29 11:40:48","ok","107","1000","2000","0,9993","100000","102"
"2026-04-29 11:40:48","ok","108","1000","2000","0,9993","100000","103"
"2026-04-29 11:40:49","ok","109","1000","2000","0,9995","50000","101"
"2026-04-29 11:40:49","ok","110","1000","2000","0,9995","50000","102"
"2026-04-29 11:40:50","ok","111","1000","2000","0,9995","50000","103"
"2026-04-29 11:40:50","ok","112","1000","2000","0,9995","100000","101"
"2026-04-29 11:40:51","ok","113","1000","2000","0,9995","100000","102"
"2026-04-29 11:40:52","ok","114","1000","2000","0,9995","100000","103"
"2026-04-29 11:40:52","ok","115","1000","2000","0,999","50000","101"
"2026-04-29 11:40:53","ok","116","1000","2000","0,999","50000","102"
"2026-04-29 11:40:53","ok","117","1000","2000","0,999","50000","103"
"2026-04-29 11:40:54","ok","118","1000","2000","0,999","100000","101"
"2026-04-29 11:40:55","ok","119","1000","2000","0,999","100000","102"
"2026-04-29 11:40:55","ok","120","1000","2000","0,999","100000","103"
"2026-04-29 11:40:56","ok","121","5000","500","0,998","50000","101"
"2026-04-29 11:40:56","ok","122","5000","500","0,998","50000","102"
"2026-04-29 11:40:57","ok","123","5000","500","0,998","50000","103"
"2026-04-29 11:40:57","ok","124","5000","500","0,998","100000","101"
"2026-04-29 11:40:58","ok","125","5000","500","0,998","100000","102"
"2026-04-29 11:40:59","ok","126","5000","500","0,998","100000","103"
"2026-04-29 11:40:59","ok","127","5000","500","0,9993","50000","101"
"2026-04-29 11:41:00","ok","128","5000","500","0,9993","50000","102"
"2026-04-29 11:41:00","ok","129","5000","500","0,9993","50000","103"
"2026-04-29 11:41:01","ok","130","5000","500","0,9993","100000","101"
"2026-04-29 11:41:02","ok","131","5000","500","0,9993","100000","102"
"2026-04-29 11:41:02","ok","132","5000","500","0,9993","100000","103"
"2026-04-29 11:41:03","ok","133","5000","500","0,9995","50000","101"
"2026-04-29 11:41:03","ok","134","5000","500","0,9995","50000","102"
"2026-04-29 11:41:04","ok","135","5000","500","0,9995","50000","103"
"2026-04-29 11:41:04","ok","136","5000","500","0,9995","100000","101"
"2026-04-29 11:41:05","ok","137","5000","500","0,9995","100000","102"
"2026-04-29 11:41:06","ok","138","5000","500","0,9995","100000","103"
"2026-04-29 11:41:06","ok","139","5000","500","0,999","50000","101"
"2026-04-29 11:41:07","ok","140","5000","500","0,999","50000","102"
"2026-04-29 11:41:07","ok","141","5000","500","0,999","50000","103"
"2026-04-29 11:41:08","ok","142","5000","500","0,999","100000","101"
"2026-04-29 11:41:08","ok","143","5000","500","0,999","100000","102"
"2026-04-29 11:41:09","ok","144","5000","500","0,999","100000","103"
"2026-04-29 11:41:10","ok","145","5000","1000","0,998","50000","101"
"2026-04-29 11:41:10","ok","146","5000","1000","0,998","50000","102"
"2026-04-29 11:41:11","ok","147","5000","1000","0,998","50000","103"
"2026-04-29 11:41:11","ok","148","5000","1000","0,998","100000","101"
"2026-04-29 11:41:12","ok","149","5000","1000","0,998","100000","102"
"2026-04-29 11:41:13","ok","150","5000","1000","0,998","100000","103"
"2026-04-29 11:41:13","ok","151","5000","1000","0,9993","50000","101"
"2026-04-29 11:41:14","ok","152","5000","1000","0,9993","50000","102"
"2026-04-29 11:41:14","ok","153","5000","1000","0,9993","50000","103"
"2026-04-29 11:41:15","ok","154","5000","1000","0,9993","100000","101"
"2026-04-29 11:41:16","ok","155","5000","1000","0,9993","100000","102"
"2026-04-29 11:41:16","ok","156","5000","1000","0,9993","100000","103"
"2026-04-29 11:41:17","ok","157","5000","1000","0,9995","50000","101"
"2026-04-29 11:41:17","ok","158","5000","1000","0,9995","50000","102"
"2026-04-29 11:41:18","ok","159","5000","1000","0,9995","50000","103"
"2026-04-29 11:41:18","ok","160","5000","1000","0,9995","100000","101"
"2026-04-29 11:41:19","ok","161","5000","1000","0,9995","100000","102"
"2026-04-29 11:41:20","ok","162","5000","1000","0,9995","100000","103"
"2026-04-29 11:41:20","ok","163","5000","1000","0,999","50000","101"
"2026-04-29 11:41:21","ok","164","5000","1000","0,999","50000","102"
"2026-04-29 11:41:21","ok","165","5000","1000","0,999","50000","103"
"2026-04-29 11:41:22","ok","166","5000","1000","0,999","100000","101"
"2026-04-29 11:41:23","ok","167","5000","1000","0,999","100000","102"
"2026-04-29 11:41:23","ok","168","5000","1000","0,999","100000","103"
"2026-04-29 11:41:24","ok","169","5000","1250","0,998","50000","101"
"2026-04-29 11:41:24","ok","170","5000","1250","0,998","50000","102"
"2026-04-29 11:41:25","ok","171","5000","1250","0,998","50000","103"
"2026-04-29 11:41:25","ok","172","5000","1250","0,998","100000","101"
"2026-04-29 11:41:26","ok","173","5000","1250","0,998","100000","102"
"2026-04-29 11:41:27","ok","174","5000","1250","0,998","100000","103"
"2026-04-29 11:41:27","ok","175","5000","1250","0,9993","50000","101"
"2026-04-29 11:41:28","ok","176","5000","1250","0,9993","50000","102"
"2026-04-29 11:41:28","ok","177","5000","1250","0,9993","50000","103"
"2026-04-29 11:41:29","ok","178","5000","1250","0,9993","100000","101"
"2026-04-29 11:41:30","ok","179","5000","1250","0,9993","100000","102"
"2026-04-29 11:41:30","ok","180","5000","1250","0,9993","100000","103"
"2026-04-29 11:41:31","ok","181","5000","1250","0,9995","50000","101"
"2026-04-29 11:41:31","ok","182","5000","1250","0,9995","50000","102"
"2026-04-29 11:41:32","ok","183","5000","1250","0,9995","50000","103"
"2026-04-29 11:41:32","ok","184","5000","1250","0,9995","100000","101"
"2026-04-29 11:41:33","ok","185","5000","1250","0,9995","100000","102"
"2026-04-29 11:41:34","ok","186","5000","1250","0,9995","100000","103"
"2026-04-29 11:41:34","ok","187","5000","1250","0,999","50000","101"
"2026-04-29 11:41:35","ok","188","5000","1250","0,999","50000","102"
"2026-04-29 11:41:35","ok","189","5000","1250","0,999","50000","103"
"2026-04-29 11:41:36","ok","190","5000","1250","0,999","100000","101"
"2026-04-29 11:41:36","ok","191","5000","1250","0,999","100000","102"
"2026-04-29 11:41:37","ok","192","5000","1250","0,999","100000","103"
"2026-04-29 11:41:38","ok","193","5000","1500","0,998","50000","101"
"2026-04-29 11:41:38","ok","194","5000","1500","0,998","50000","102"
"2026-04-29 11:41:39","ok","195","5000","1500","0,998","50000","103"
"2026-04-29 11:41:39","ok","196","5000","1500","0,998","100000","101"
"2026-04-29 11:41:40","ok","197","5000","1500","0,998","100000","102"
"2026-04-29 11:41:41","ok","198","5000","1500","0,998","100000","103"
"2026-04-29 11:41:41","ok","199","5000","1500","0,9993","50000","101"
"2026-04-29 11:41:42","ok","200","5000","1500","0,9993","50000","102"
"2026-04-29 11:41:42","ok","201","5000","1500","0,9993","50000","103"
"2026-04-29 11:41:43","ok","202","5000","1500","0,9993","100000","101"
"2026-04-29 11:41:43","ok","203","5000","1500","0,9993","100000","102"
"2026-04-29 11:41:44","ok","204","5000","1500","0,9993","100000","103"
"2026-04-29 11:41:44","ok","205","5000","1500","0,9995","50000","101"
"2026-04-29 11:41:45","ok","206","5000","1500","0,9995","50000","102"
"2026-04-29 11:41:46","ok","207","5000","1500","0,9995","50000","103"
"2026-04-29 11:41:46","ok","208","5000","1500","0,9995","100000","101"
"2026-04-29 11:41:47","ok","209","5000","1500","0,9995","100000","102"
"2026-04-29 11:41:47","ok","210","5000","1500","0,9995","100000","103"
"2026-04-29 11:41:48","ok","211","5000","1500","0,999","50000","101"
"2026-04-29 11:41:48","ok","212","5000","1500","0,999","50000","102"
"2026-04-29 11:41:49","ok","213","5000","1500","0,999","50000","103"
"2026-04-29 11:41:50","ok","214","5000","1500","0,999","100000","101"
"2026-04-29 11:41:50","ok","215","5000","1500","0,999","100000","102"
"2026-04-29 11:41:51","ok","216","5000","1500","0,999","100000","103"
"2026-04-29 11:41:51","ok","217","5000","2000","0,998","50000","101"
"2026-04-29 11:41:52","ok","218","5000","2000","0,998","50000","102"
"2026-04-29 11:41:52","ok","219","5000","2000","0,998","50000","103"
"2026-04-29 11:41:53","ok","220","5000","2000","0,998","100000","101"
"2026-04-29 11:41:54","ok","221","5000","2000","0,998","100000","102"
"2026-04-29 11:41:54","ok","222","5000","2000","0,998","100000","103"
"2026-04-29 11:41:55","ok","223","5000","2000","0,9993","50000","101"
"2026-04-29 11:41:55","ok","224","5000","2000","0,9993","50000","102"
"2026-04-29 11:41:56","ok","225","5000","2000","0,9993","50000","103"
"2026-04-29 11:41:57","ok","226","5000","2000","0,9993","100000","101"
"2026-04-29 11:41:57","ok","227","5000","2000","0,9993","100000","102"
"2026-04-29 11:41:58","ok","228","5000","2000","0,9993","100000","103"
"2026-04-29 11:41:58","ok","229","5000","2000","0,9995","50000","101"
"2026-04-29 11:41:59","ok","230","5000","2000","0,9995","50000","102"
"2026-04-29 11:42:00","ok","231","5000","2000","0,9995","50000","103"
"2026-04-29 11:42:00","ok","232","5000","2000","0,9995","100000","101"
"2026-04-29 11:42:01","ok","233","5000","2000","0,9995","100000","102"
"2026-04-29 11:42:01","ok","234","5000","2000","0,9995","100000","103"
"2026-04-29 11:42:02","ok","235","5000","2000","0,999","50000","101"
"2026-04-29 11:42:02","ok","236","5000","2000","0,999","50000","102"
"2026-04-29 11:42:03","ok","237","5000","2000","0,999","50000","103"
"2026-04-29 11:42:04","ok","238","5000","2000","0,999","100000","101"
"2026-04-29 11:42:04","ok","239","5000","2000","0,999","100000","102"
"2026-04-29 11:42:05","ok","240","5000","2000","0,999","100000","103"
"2026-04-29 11:42:05","ok","241","10000","500","0,998","50000","101"
"2026-04-29 11:42:06","ok","242","10000","500","0,998","50000","102"
"2026-04-29 11:42:07","ok","243","10000","500","0,998","50000","103"
"2026-04-29 11:42:07","ok","244","10000","500","0,998","100000","101"
"2026-04-29 11:42:08","ok","245","10000","500","0,998","100000","102"
"2026-04-29 11:42:08","ok","246","10000","500","0,998","100000","103"
"2026-04-29 11:42:09","ok","247","10000","500","0,9993","50000","101"
"2026-04-29 11:42:10","ok","248","10000","500","0,9993","50000","102"
"2026-04-29 11:42:10","ok","249","10000","500","0,9993","50000","103"
"2026-04-29 11:42:11","ok","250","10000","500","0,9993","100000","101"
"2026-04-29 11:42:11","ok","251","10000","500","0,9993","100000","102"
"2026-04-29 11:42:12","ok","252","10000","500","0,9993","100000","103"
"2026-04-29 11:42:13","ok","253","10000","500","0,9995","50000","101"
"2026-04-29 11:42:13","ok","254","10000","500","0,9995","50000","102"
"2026-04-29 11:42:14","ok","255","10000","500","0,9995","50000","103"
"2026-04-29 11:42:14","ok","256","10000","500","0,9995","100000","101"
"2026-04-29 11:42:15","ok","257","10000","500","0,9995","100000","102"
"2026-04-29 11:42:16","ok","258","10000","500","0,9995","100000","103"
"2026-04-29 11:42:16","ok","259","10000","500","0,999","50000","101"
"2026-04-29 11:42:17","ok","260","10000","500","0,999","50000","102"
"2026-04-29 11:42:17","ok","261","10000","500","0,999","50000","103"
"2026-04-29 11:42:18","ok","262","10000","500","0,999","100000","101"
"2026-04-29 11:42:19","ok","263","10000","500","0,999","100000","102"
"2026-04-29 11:42:19","ok","264","10000","500","0,999","100000","103"
"2026-04-29 11:42:20","ok","265","10000","1000","0,998","50000","101"
"2026-04-29 11:42:20","ok","266","10000","1000","0,998","50000","102"
"2026-04-29 11:42:21","ok","267","10000","1000","0,998","50000","103"
"2026-04-29 11:42:22","ok","268","10000","1000","0,998","100000","101"
"2026-04-29 11:42:22","ok","269","10000","1000","0,998","100000","102"
"2026-04-29 11:42:23","ok","270","10000","1000","0,998","100000","103"
"2026-04-29 11:42:24","ok","271","10000","1000","0,9993","50000","101"
"2026-04-29 11:42:24","ok","272","10000","1000","0,9993","50000","102"
"2026-04-29 11:42:25","ok","273","10000","1000","0,9993","50000","103"
"2026-04-29 11:42:25","ok","274","10000","1000","0,9993","100000","101"
"2026-04-29 11:42:26","ok","275","10000","1000","0,9993","100000","102"
"2026-04-29 11:42:27","ok","276","10000","1000","0,9993","100000","103"
"2026-04-29 11:42:27","ok","277","10000","1000","0,9995","50000","101"
"2026-04-29 11:42:28","ok","278","10000","1000","0,9995","50000","102"
"2026-04-29 11:42:28","ok","279","10000","1000","0,9995","50000","103"
"2026-04-29 11:42:29","ok","280","10000","1000","0,9995","100000","101"
"2026-04-29 11:42:30","ok","281","10000","1000","0,9995","100000","102"
"2026-04-29 11:42:30","ok","282","10000","1000","0,9995","100000","103"
"2026-04-29 11:42:31","ok","283","10000","1000","0,999","50000","101"
"2026-04-29 11:42:31","ok","284","10000","1000","0,999","50000","102"
"2026-04-29 11:42:32","ok","285","10000","1000","0,999","50000","103"
"2026-04-29 11:42:33","ok","286","10000","1000","0,999","100000","101"
"2026-04-29 11:42:33","ok","287","10000","1000","0,999","100000","102"
"2026-04-29 11:42:34","ok","288","10000","1000","0,999","100000","103"
"2026-04-29 11:42:34","ok","289","10000","1250","0,998","50000","101"
"2026-04-29 11:42:35","ok","290","10000","1250","0,998","50000","102"
"2026-04-29 11:42:36","ok","291","10000","1250","0,998","50000","103"
"2026-04-29 11:42:36","ok","292","10000","1250","0,998","100000","101"
"2026-04-29 11:42:37","ok","293","10000","1250","0,998","100000","102"
"2026-04-29 11:42:38","ok","294","10000","1250","0,998","100000","103"
"2026-04-29 11:42:38","ok","295","10000","1250","0,9993","50000","101"
"2026-04-29 11:42:39","ok","296","10000","1250","0,9993","50000","102"
"2026-04-29 11:42:39","ok","297","10000","1250","0,9993","50000","103"
"2026-04-29 11:42:40","ok","298","10000","1250","0,9993","100000","101"
"2026-04-29 11:42:41","ok","299","10000","1250","0,9993","100000","102"
"2026-04-29 11:42:41","ok","300","10000","1250","0,9993","100000","103"
"2026-04-29 11:42:42","ok","301","10000","1250","0,9995","50000","101"
"2026-04-29 11:42:42","ok","302","10000","1250","0,9995","50000","102"
"2026-04-29 11:42:43","ok","303","10000","1250","0,9995","50000","103"
"2026-04-29 11:42:43","ok","304","10000","1250","0,9995","100000","101"
"2026-04-29 11:42:44","ok","305","10000","1250","0,9995","100000","102"
"2026-04-29 11:42:45","ok","306","10000","1250","0,9995","100000","103"
"2026-04-29 11:42:45","ok","307","10000","1250","0,999","50000","101"
"2026-04-29 11:42:46","ok","308","10000","1250","0,999","50000","102"
"2026-04-29 11:42:47","ok","309","10000","1250","0,999","50000","103"
"2026-04-29 11:42:47","ok","310","10000","1250","0,999","100000","101"
"2026-04-29 11:42:48","ok","311","10000","1250","0,999","100000","102"
"2026-04-29 11:42:49","ok","312","10000","1250","0,999","100000","103"
"2026-04-29 11:42:49","ok","313","10000","1500","0,998","50000","101"
"2026-04-29 11:42:50","ok","314","10000","1500","0,998","50000","102"
"2026-04-29 11:42:50","ok","315","10000","1500","0,998","50000","103"
"2026-04-29 11:42:51","ok","316","10000","1500","0,998","100000","101"
"2026-04-29 11:42:51","ok","317","10000","1500","0,998","100000","102"
"2026-04-29 11:42:52","ok","318","10000","1500","0,998","100000","103"
"2026-04-29 11:42:53","ok","319","10000","1500","0,9993","50000","101"
"2026-04-29 11:42:53","ok","320","10000","1500","0,9993","50000","102"
"2026-04-29 11:42:54","ok","321","10000","1500","0,9993","50000","103"
"2026-04-29 11:42:54","ok","322","10000","1500","0,9993","100000","101"
"2026-04-29 11:42:55","ok","323","10000","1500","0,9993","100000","102"
"2026-04-29 11:42:56","ok","324","10000","1500","0,9993","100000","103"
"2026-04-29 11:42:56","ok","325","10000","1500","0,9995","50000","101"
"2026-04-29 11:42:57","ok","326","10000","1500","0,9995","50000","102"
"2026-04-29 11:42:57","ok","327","10000","1500","0,9995","50000","103"
"2026-04-29 11:42:58","ok","328","10000","1500","0,9995","100000","101"
"2026-04-29 11:42:58","ok","329","10000","1500","0,9995","100000","102"
"2026-04-29 11:42:59","ok","330","10000","1500","0,9995","100000","103"
"2026-04-29 11:43:00","ok","331","10000","1500","0,999","50000","101"
"2026-04-29 11:43:00","ok","332","10000","1500","0,999","50000","102"
"2026-04-29 11:43:01","ok","333","10000","1500","0,999","50000","103"
"2026-04-29 11:43:01","ok","334","10000","1500","0,999","100000","101"
"2026-04-29 11:43:02","ok","335","10000","1500","0,999","100000","102"
"2026-04-29 11:43:03","ok","336","10000","1500","0,999","100000","103"
"2026-04-29 11:43:03","ok","337","10000","2000","0,998","50000","101"
"2026-04-29 11:43:04","ok","338","10000","2000","0,998","50000","102"
"2026-04-29 11:43:04","ok","339","10000","2000","0,998","50000","103"
"2026-04-29 11:43:05","ok","340","10000","2000","0,998","100000","101"
"2026-04-29 11:43:05","ok","341","10000","2000","0,998","100000","102"
"2026-04-29 11:43:06","ok","342","10000","2000","0,998","100000","103"
"2026-04-29 11:43:07","ok","343","10000","2000","0,9993","50000","101"
"2026-04-29 11:43:07","ok","344","10000","2000","0,9993","50000","102"
"2026-04-29 11:43:08","ok","345","10000","2000","0,9993","50000","103"
"2026-04-29 11:43:08","ok","346","10000","2000","0,9993","100000","101"
"2026-04-29 11:43:09","ok","347","10000","2000","0,9993","100000","102"
"2026-04-29 11:43:10","ok","348","10000","2000","0,9993","100000","103"
"2026-04-29 11:43:10","ok","349","10000","2000","0,9995","50000","101"
"2026-04-29 11:43:11","ok","350","10000","2000","0,9995","50000","102"
"2026-04-29 11:43:11","ok","351","10000","2000","0,9995","50000","103"
"2026-04-29 11:43:12","ok","352","10000","2000","0,9995","100000","101"
"2026-04-29 11:43:13","ok","353","10000","2000","0,9995","100000","102"
"2026-04-29 11:43:13","ok","354","10000","2000","0,9995","100000","103"
"2026-04-29 11:43:14","ok","355","10000","2000","0,999","50000","101"
"2026-04-29 11:43:14","ok","356","10000","2000","0,999","50000","102"
"2026-04-29 11:43:15","ok","357","10000","2000","0,999","50000","103"
"2026-04-29 11:43:16","ok","358","10000","2000","0,999","100000","101"
"2026-04-29 11:43:16","ok","359","10000","2000","0,999","100000","102"
"2026-04-29 11:43:17","ok","360","10000","2000","0,999","100000","103"
"2026-04-29 11:43:17","ok","361","50000","500","0,998","50000","101"
"2026-04-29 11:43:18","ok","362","50000","500","0,998","50000","102"
"2026-04-29 11:43:18","ok","363","50000","500","0,998","50000","103"
"2026-04-29 11:43:19","ok","364","50000","500","0,998","100000","101"
"2026-04-29 11:43:20","ok","365","50000","500","0,998","100000","102"
"2026-04-29 11:43:20","ok","366","50000","500","0,998","100000","103"
"2026-04-29 11:43:21","ok","367","50000","500","0,9993","50000","101"
"2026-04-29 11:43:21","ok","368","50000","500","0,9993","50000","102"
"2026-04-29 11:43:22","ok","369","50000","500","0,9993","50000","103"
"2026-04-29 11:43:23","ok","370","50000","500","0,9993","100000","101"
"2026-04-29 11:43:23","ok","371","50000","500","0,9993","100000","102"
"2026-04-29 11:43:24","ok","372","50000","500","0,9993","100000","103"
"2026-04-29 11:43:24","ok","373","50000","500","0,9995","50000","101"
"2026-04-29 11:43:25","ok","374","50000","500","0,9995","50000","102"
"2026-04-29 11:43:25","ok","375","50000","500","0,9995","50000","103"
"2026-04-29 11:43:26","ok","376","50000","500","0,9995","100000","101"
"2026-04-29 11:43:27","ok","377","50000","500","0,9995","100000","102"
"2026-04-29 11:43:27","ok","378","50000","500","0,9995","100000","103"
"2026-04-29 11:43:28","ok","379","50000","500","0,999","50000","101"
"2026-04-29 11:43:28","ok","380","50000","500","0,999","50000","102"
"2026-04-29 11:43:29","ok","381","50000","500","0,999","50000","103"
"2026-04-29 11:43:29","ok","382","50000","500","0,999","100000","101"
"2026-04-29 11:43:30","ok","383","50000","500","0,999","100000","102"
"2026-04-29 11:43:31","ok","384","50000","500","0,999","100000","103"
"2026-04-29 11:43:31","ok","385","50000","1000","0,998","50000","101"
"2026-04-29 11:43:32","ok","386","50000","1000","0,998","50000","102"
"2026-04-29 11:43:32","ok","387","50000","1000","0,998","50000","103"
"2026-04-29 11:43:33","ok","388","50000","1000","0,998","100000","101"
"2026-04-29 11:43:33","ok","389","50000","1000","0,998","100000","102"
"2026-04-29 11:43:34","ok","390","50000","1000","0,998","100000","103"
"2026-04-29 11:43:35","ok","391","50000","1000","0,9993","50000","101"
"2026-04-29 11:43:35","ok","392","50000","1000","0,9993","50000","102"
"2026-04-29 11:43:36","ok","393","50000","1000","0,9993","50000","103"
"2026-04-29 11:43:36","ok","394","50000","1000","0,9993","100000","101"
"2026-04-29 11:43:37","ok","395","50000","1000","0,9993","100000","102"
"2026-04-29 11:43:38","ok","396","50000","1000","0,9993","100000","103"
"2026-04-29 11:43:38","ok","397","50000","1000","0,9995","50000","101"
"2026-04-29 11:43:39","ok","398","50000","1000","0,9995","50000","102"
"2026-04-29 11:43:40","ok","399","50000","1000","0,9995","50000","103"
"2026-04-29 11:43:40","ok","400","50000","1000","0,9995","100000","101"
"2026-04-29 11:43:41","ok","401","50000","1000","0,9995","100000","102"
"2026-04-29 11:43:42","ok","402","50000","1000","0,9995","100000","103"
"2026-04-29 11:43:43","ok","403","50000","1000","0,999","50000","101"
"2026-04-29 11:43:43","ok","404","50000","1000","0,999","50000","102"
"2026-04-29 11:43:44","ok","405","50000","1000","0,999","50000","103"
"2026-04-29 11:43:44","ok","406","50000","1000","0,999","100000","101"
"2026-04-29 11:43:45","ok","407","50000","1000","0,999","100000","102"
"2026-04-29 11:43:46","ok","408","50000","1000","0,999","100000","103"
"2026-04-29 11:43:46","ok","409","50000","1250","0,998","50000","101"
"2026-04-29 11:43:47","ok","410","50000","1250","0,998","50000","102"
"2026-04-29 11:43:47","ok","411","50000","1250","0,998","50000","103"
"2026-04-29 11:43:48","ok","412","50000","1250","0,998","100000","101"
"2026-04-29 11:43:49","ok","413","50000","1250","0,998","100000","102"
"2026-04-29 11:43:49","ok","414","50000","1250","0,998","100000","103"
"2026-04-29 11:43:50","ok","415","50000","1250","0,9993","50000","101"
"2026-04-29 11:43:50","ok","416","50000","1250","0,9993","50000","102"
"2026-04-29 11:43:51","ok","417","50000","1250","0,9993","50000","103"
"2026-04-29 11:43:52","ok","418","50000","1250","0,9993","100000","101"
"2026-04-29 11:43:52","ok","419","50000","1250","0,9993","100000","102"
"2026-04-29 11:43:53","ok","420","50000","1250","0,9993","100000","103"
"2026-04-29 11:43:53","ok","421","50000","1250","0,9995","50000","101"
"2026-04-29 11:43:54","ok","422","50000","1250","0,9995","50000","102"
"2026-04-29 11:43:55","ok","423","50000","1250","0,9995","50000","103"
"2026-04-29 11:43:55","ok","424","50000","1250","0,9995","100000","101"
"2026-04-29 11:43:56","ok","425","50000","1250","0,9995","100000","102"
"2026-04-29 11:43:56","ok","426","50000","1250","0,9995","100000","103"
"2026-04-29 11:43:57","ok","427","50000","1250","0,999","50000","101"
"2026-04-29 11:43:58","ok","428","50000","1250","0,999","50000","102"
"2026-04-29 11:43:58","ok","429","50000","1250","0,999","50000","103"
"2026-04-29 11:43:59","ok","430","50000","1250","0,999","100000","101"
"2026-04-29 11:43:59","ok","431","50000","1250","0,999","100000","102"
"2026-04-29 11:44:00","ok","432","50000","1250","0,999","100000","103"
"2026-04-29 11:44:01","ok","433","50000","1500","0,998","50000","101"
"2026-04-29 11:44:01","ok","434","50000","1500","0,998","50000","102"
"2026-04-29 11:44:02","ok","435","50000","1500","0,998","50000","103"
"2026-04-29 11:44:02","ok","436","50000","1500","0,998","100000","101"
"2026-04-29 11:44:03","ok","437","50000","1500","0,998","100000","102"
"2026-04-29 11:44:04","ok","438","50000","1500","0,998","100000","103"
"2026-04-29 11:44:04","ok","439","50000","1500","0,9993","50000","101"
"2026-04-29 11:44:05","ok","440","50000","1500","0,9993","50000","102"
"2026-04-29 11:44:05","ok","441","50000","1500","0,9993","50000","103"
"2026-04-29 11:44:06","ok","442","50000","1500","0,9993","100000","101"
"2026-04-29 11:44:07","ok","443","50000","1500","0,9993","100000","102"
"2026-04-29 11:44:07","ok","444","50000","1500","0,9993","100000","103"
"2026-04-29 11:44:08","ok","445","50000","1500","0,9995","50000","101"
"2026-04-29 11:44:08","ok","446","50000","1500","0,9995","50000","102"
"2026-04-29 11:44:09","ok","447","50000","1500","0,9995","50000","103"
"2026-04-29 11:44:09","ok","448","50000","1500","0,9995","100000","101"
"2026-04-29 11:44:10","ok","449","50000","1500","0,9995","100000","102"
"2026-04-29 11:44:11","ok","450","50000","1500","0,9995","100000","103"
"2026-04-29 11:44:11","ok","451","50000","1500","0,999","50000","101"
"2026-04-29 11:44:12","ok","452","50000","1500","0,999","50000","102"
"2026-04-29 11:44:12","ok","453","50000","1500","0,999","50000","103"
"2026-04-29 11:44:13","ok","454","50000","1500","0,999","100000","101"
"2026-04-29 11:44:14","ok","455","50000","1500","0,999","100000","102"
"2026-04-29 11:44:14","ok","456","50000","1500","0,999","100000","103"
"2026-04-29 11:44:15","ok","457","50000","2000","0,998","50000","101"
"2026-04-29 11:44:15","ok","458","50000","2000","0,998","50000","102"
"2026-04-29 11:44:16","ok","459","50000","2000","0,998","50000","103"
"2026-04-29 11:44:17","ok","460","50000","2000","0,998","100000","101"
"2026-04-29 11:44:17","ok","461","50000","2000","0,998","100000","102"
"2026-04-29 11:44:18","ok","462","50000","2000","0,998","100000","103"
"2026-04-29 11:44:18","ok","463","50000","2000","0,9993","50000","101"
"2026-04-29 11:44:19","ok","464","50000","2000","0,9993","50000","102"
"2026-04-29 11:44:20","ok","465","50000","2000","0,9993","50000","103"
"2026-04-29 11:44:20","ok","466","50000","2000","0,9993","100000","101"
"2026-04-29 11:44:21","ok","467","50000","2000","0,9993","100000","102"
"2026-04-29 11:44:21","ok","468","50000","2000","0,9993","100000","103"
"2026-04-29 11:44:22","ok","469","50000","2000","0,9995","50000","101"
"2026-04-29 11:44:23","ok","470","50000","2000","0,9995","50000","102"
"2026-04-29 11:44:23","ok","471","50000","2000","0,9995","50000","103"
"2026-04-29 11:44:24","ok","472","50000","2000","0,9995","100000","101"
"2026-04-29 11:44:24","ok","473","50000","2000","0,9995","100000","102"
"2026-04-29 11:44:25","ok","474","50000","2000","0,9995","100000","103"
"2026-04-29 11:44:26","ok","475","50000","2000","0,999","50000","101"
"2026-04-29 11:44:26","ok","476","50000","2000","0,999","50000","102"
"2026-04-29 11:44:27","ok","477","50000","2000","0,999","50000","103"
"2026-04-29 11:44:27","ok","478","50000","2000","0,999","100000","101"
"2026-04-29 11:44:28","ok","479","50000","2000","0,999","100000","102"
"2026-04-29 11:44:29","ok","480","50000","2000","0,999","100000","103"
"2026-04-29 11:44:29","ok","481","100000","500","0,998","50000","101"
"2026-04-29 11:44:30","ok","482","100000","500","0,998","50000","102"
"2026-04-29 11:44:30","ok","483","100000","500","0,998","50000","103"
"2026-04-29 11:44:31","ok","484","100000","500","0,998","100000","101"
"2026-04-29 11:44:32","ok","485","100000","500","0,998","100000","102"
"2026-04-29 11:44:32","ok","486","100000","500","0,998","100000","103"
"2026-04-29 11:44:33","ok","487","100000","500","0,9993","50000","101"
"2026-04-29 11:44:34","ok","488","100000","500","0,9993","50000","102"
"2026-04-29 11:44:34","ok","489","100000","500","0,9993","50000","103"
"2026-04-29 11:44:35","ok","490","100000","500","0,9993","100000","101"
"2026-04-29 11:44:36","ok","491","100000","500","0,9993","100000","102"
"2026-04-29 11:44:36","ok","492","100000","500","0,9993","100000","103"
"2026-04-29 11:44:37","ok","493","100000","500","0,9995","50000","101"
"2026-04-29 11:44:38","ok","494","100000","500","0,9995","50000","102"
"2026-04-29 11:44:38","ok","495","100000","500","0,9995","50000","103"
"2026-04-29 11:44:39","ok","496","100000","500","0,9995","100000","101"
"2026-04-29 11:44:39","ok","497","100000","500","0,9995","100000","102"
"2026-04-29 11:44:40","ok","498","100000","500","0,9995","100000","103"
"2026-04-29 11:44:41","ok","499","100000","500","0,999","50000","101"
"2026-04-29 11:44:41","ok","500","100000","500","0,999","50000","102"
"2026-04-29 11:44:42","ok","501","100000","500","0,999","50000","103"
"2026-04-29 11:44:43","ok","502","100000","500","0,999","100000","101"
"2026-04-29 11:44:43","ok","503","100000","500","0,999","100000","102"
"2026-04-29 11:44:44","ok","504","100000","500","0,999","100000","103"
"2026-04-29 11:44:45","ok","505","100000","1000","0,998","50000","101"
"2026-04-29 11:44:45","ok","506","100000","1000","0,998","50000","102"
"2026-04-29 11:44:46","ok","507","100000","1000","0,998","50000","103"
"2026-04-29 11:44:47","ok","508","100000","1000","0,998","100000","101"
"2026-04-29 11:44:47","ok","509","100000","1000","0,998","100000","102"
"2026-04-29 11:44:48","ok","510","100000","1000","0,998","100000","103"
"2026-04-29 11:44:49","ok","511","100000","1000","0,9993","50000","101"
"2026-04-29 11:44:49","ok","512","100000","1000","0,9993","50000","102"
"2026-04-29 11:44:50","ok","513","100000","1000","0,9993","50000","103"
"2026-04-29 11:44:50","ok","514","100000","1000","0,9993","100000","101"
"2026-04-29 11:44:51","ok","515","100000","1000","0,9993","100000","102"
"2026-04-29 11:44:52","ok","516","100000","1000","0,9993","100000","103"
"2026-04-29 11:44:52","ok","517","100000","1000","0,9995","50000","101"
"2026-04-29 11:44:53","ok","518","100000","1000","0,9995","50000","102"
"2026-04-29 11:44:54","ok","519","100000","1000","0,9995","50000","103"
"2026-04-29 11:44:54","ok","520","100000","1000","0,9995","100000","101"
"2026-04-29 11:44:55","ok","521","100000","1000","0,9995","100000","102"
"2026-04-29 11:44:55","ok","522","100000","1000","0,9995","100000","103"
"2026-04-29 11:44:56","ok","523","100000","1000","0,999","50000","101"
"2026-04-29 11:44:57","ok","524","100000","1000","0,999","50000","102"
"2026-04-29 11:44:57","ok","525","100000","1000","0,999","50000","103"
"2026-04-29 11:44:58","ok","526","100000","1000","0,999","100000","101"
"2026-04-29 11:44:58","ok","527","100000","1000","0,999","100000","102"
"2026-04-29 11:44:59","ok","528","100000","1000","0,999","100000","103"
"2026-04-29 11:45:00","ok","529","100000","1250","0,998","50000","101"
"2026-04-29 11:45:00","ok","530","100000","1250","0,998","50000","102"
"2026-04-29 11:45:01","ok","531","100000","1250","0,998","50000","103"
"2026-04-29 11:45:01","ok","532","100000","1250","0,998","100000","101"
"2026-04-29 11:45:02","ok","533","100000","1250","0,998","100000","102"
"2026-04-29 11:45:03","ok","534","100000","1250","0,998","100000","103"
"2026-04-29 11:45:03","ok","535","100000","1250","0,9993","50000","101"
"2026-04-29 11:45:04","ok","536","100000","1250","0,9993","50000","102"
"2026-04-29 11:45:05","ok","537","100000","1250","0,9993","50000","103"
"2026-04-29 11:45:05","ok","538","100000","1250","0,9993","100000","101"
"2026-04-29 11:45:06","ok","539","100000","1250","0,9993","100000","102"
"2026-04-29 11:45:06","ok","540","100000","1250","0,9993","100000","103"
"2026-04-29 11:45:07","ok","541","100000","1250","0,9995","50000","101"
"2026-04-29 11:45:08","ok","542","100000","1250","0,9995","50000","102"
"2026-04-29 11:45:08","ok","543","100000","1250","0,9995","50000","103"
"2026-04-29 11:45:09","ok","544","100000","1250","0,9995","100000","101"
"2026-04-29 11:45:09","ok","545","100000","1250","0,9995","100000","102"
"2026-04-29 11:45:10","ok","546","100000","1250","0,9995","100000","103"
"2026-04-29 11:45:11","ok","547","100000","1250","0,999","50000","101"
"2026-04-29 11:45:11","ok","548","100000","1250","0,999","50000","102"
"2026-04-29 11:45:12","ok","549","100000","1250","0,999","50000","103"
"2026-04-29 11:45:12","ok","550","100000","1250","0,999","100000","101"
"2026-04-29 11:45:13","ok","551","100000","1250","0,999","100000","102"
"2026-04-29 11:45:14","ok","552","100000","1250","0,999","100000","103"
"2026-04-29 11:45:14","ok","553","100000","1500","0,998","50000","101"
"2026-04-29 11:45:15","ok","554","100000","1500","0,998","50000","102"
"2026-04-29 11:45:15","ok","555","100000","1500","0,998","50000","103"
"2026-04-29 11:45:16","ok","556","100000","1500","0,998","100000","101"
"2026-04-29 11:45:16","ok","557","100000","1500","0,998","100000","102"
"2026-04-29 11:45:17","ok","558","100000","1500","0,998","100000","103"
"2026-04-29 11:45:18","ok","559","100000","1500","0,9993","50000","101"
"2026-04-29 11:45:18","ok","560","100000","1500","0,9993","50000","102"
"2026-04-29 11:45:19","ok","561","100000","1500","0,9993","50000","103"
"2026-04-29 11:45:20","ok","562","100000","1500","0,9993","100000","101"
"2026-04-29 11:45:20","ok","563","100000","1500","0,9993","100000","102"
"2026-04-29 11:45:21","ok","564","100000","1500","0,9993","100000","103"
"2026-04-29 11:45:22","ok","565","100000","1500","0,9995","50000","101"
"2026-04-29 11:45:22","ok","566","100000","1500","0,9995","50000","102"
"2026-04-29 11:45:23","ok","567","100000","1500","0,9995","50000","103"
"2026-04-29 11:45:23","ok","568","100000","1500","0,9995","100000","101"
"2026-04-29 11:45:24","ok","569","100000","1500","0,9995","100000","102"
"2026-04-29 11:45:25","ok","570","100000","1500","0,9995","100000","103"
"2026-04-29 11:45:25","ok","571","100000","1500","0,999","50000","101"
"2026-04-29 11:45:26","ok","572","100000","1500","0,999","50000","102"
"2026-04-29 11:45:26","ok","573","100000","1500","0,999","50000","103"
"2026-04-29 11:45:27","ok","574","100000","1500","0,999","100000","101"
"2026-04-29 11:45:28","ok","575","100000","1500","0,999","100000","102"
"2026-04-29 11:45:28","ok","576","100000","1500","0,999","100000","103"
"2026-04-29 11:45:29","ok","577","100000","2000","0,998","50000","101"
"2026-04-29 11:45:29","ok","578","100000","2000","0,998","50000","102"
"2026-04-29 11:45:30","ok","579","100000","2000","0,998","50000","103"
"2026-04-29 11:45:31","ok","580","100000","2000","0,998","100000","101"
"2026-04-29 11:45:31","ok","581","100000","2000","0,998","100000","102"
"2026-04-29 11:45:32","ok","582","100000","2000","0,998","100000","103"
"2026-04-29 11:45:32","ok","583","100000","2000","0,9993","50000","101"
"2026-04-29 11:45:33","ok","584","100000","2000","0,9993","50000","102"
"2026-04-29 11:45:34","ok","585","100000","2000","0,9993","50000","103"
"2026-04-29 11:45:34","ok","586","100000","2000","0,9993","100000","101"
"2026-04-29 11:45:35","ok","587","100000","2000","0,9993","100000","102"
"2026-04-29 11:45:36","ok","588","100000","2000","0,9993","100000","103"
"2026-04-29 11:45:36","ok","589","100000","2000","0,9995","50000","101"
"2026-04-29 11:45:37","ok","590","100000","2000","0,9995","50000","102"
"2026-04-29 11:45:37","ok","591","100000","2000","0,9995","50000","103"
"2026-04-29 11:45:38","ok","592","100000","2000","0,9995","100000","101"
"2026-04-29 11:45:39","ok","593","100000","2000","0,9995","100000","102"
"2026-04-29 11:45:40","ok","594","100000","2000","0,9995","100000","103"
"2026-04-29 11:45:41","ok","595","100000","2000","0,999","50000","101"
"2026-04-29 11:45:41","ok","596","100000","2000","0,999","50000","102"
"2026-04-29 11:45:42","ok","597","100000","2000","0,999","50000","103"
"2026-04-29 11:45:42","ok","598","100000","2000","0,999","100000","101"
"2026-04-29 11:45:43","ok","599","100000","2000","0,999","100000","102"
"2026-04-29 11:45:44","ok","600","100000","2000","0,999","100000","103"
"2026-04-29 11:45:44","ok","601","500000","500","0,998","50000","101"
"2026-04-29 11:45:45","ok","602","500000","500","0,998","50000","102"
"2026-04-29 11:45:45","ok","603","500000","500","0,998","50000","103"
"2026-04-29 11:45:46","ok","604","500000","500","0,998","100000","101"
"2026-04-29 11:45:47","ok","605","500000","500","0,998","100000","102"
"2026-04-29 11:45:47","ok","606","500000","500","0,998","100000","103"
"2026-04-29 11:45:48","ok","607","500000","500","0,9993","50000","101"
"2026-04-29 11:45:49","ok","608","500000","500","0,9993","50000","102"
"2026-04-29 11:45:49","ok","609","500000","500","0,9993","50000","103"
"2026-04-29 11:45:50","ok","610","500000","500","0,9993","100000","101"
"2026-04-29 11:45:50","ok","611","500000","500","0,9993","100000","102"
"2026-04-29 11:45:51","ok","612","500000","500","0,9993","100000","103"
"2026-04-29 11:45:52","ok","613","500000","500","0,9995","50000","101"
"2026-04-29 11:45:52","ok","614","500000","500","0,9995","50000","102"
"2026-04-29 11:45:53","ok","615","500000","500","0,9995","50000","103"
"2026-04-29 11:45:53","ok","616","500000","500","0,9995","100000","101"
"2026-04-29 11:45:54","ok","617","500000","500","0,9995","100000","102"
"2026-04-29 11:45:55","ok","618","500000","500","0,9995","100000","103"
"2026-04-29 11:45:55","ok","619","500000","500","0,999","50000","101"
"2026-04-29 11:45:56","ok","620","500000","500","0,999","50000","102"
"2026-04-29 11:45:56","ok","621","500000","500","0,999","50000","103"
"2026-04-29 11:45:57","ok","622","500000","500","0,999","100000","101"
"2026-04-29 11:45:57","ok","623","500000","500","0,999","100000","102"
"2026-04-29 11:45:58","ok","624","500000","500","0,999","100000","103"
"2026-04-29 11:45:59","ok","625","500000","1000","0,998","50000","101"
"2026-04-29 11:45:59","ok","626","500000","1000","0,998","50000","102"
"2026-04-29 11:46:00","ok","627","500000","1000","0,998","50000","103"
"2026-04-29 11:46:00","ok","628","500000","1000","0,998","100000","101"
"2026-04-29 11:46:01","ok","629","500000","1000","0,998","100000","102"
"2026-04-29 11:46:02","ok","630","500000","1000","0,998","100000","103"
"2026-04-29 11:46:02","ok","631","500000","1000","0,9993","50000","101"
"2026-04-29 11:46:03","ok","632","500000","1000","0,9993","50000","102"
"2026-04-29 11:46:03","ok","633","500000","1000","0,9993","50000","103"
"2026-04-29 11:46:04","ok","634","500000","1000","0,9993","100000","101"
"2026-04-29 11:46:04","ok","635","500000","1000","0,9993","100000","102"
"2026-04-29 11:46:05","ok","636","500000","1000","0,9993","100000","103"
"2026-04-29 11:46:06","ok","637","500000","1000","0,9995","50000","101"
"2026-04-29 11:46:06","ok","638","500000","1000","0,9995","50000","102"
"2026-04-29 11:46:07","ok","639","500000","1000","0,9995","50000","103"
"2026-04-29 11:46:07","ok","640","500000","1000","0,9995","100000","101"
"2026-04-29 11:46:08","ok","641","500000","1000","0,9995","100000","102"
"2026-04-29 11:46:09","ok","642","500000","1000","0,9995","100000","103"
"2026-04-29 11:46:09","ok","643","500000","1000","0,999","50000","101"
"2026-04-29 11:46:10","ok","644","500000","1000","0,999","50000","102"
"2026-04-29 11:46:10","ok","645","500000","1000","0,999","50000","103"
"2026-04-29 11:46:11","ok","646","500000","1000","0,999","100000","101"
"2026-04-29 11:46:12","ok","647","500000","1000","0,999","100000","102"
"2026-04-29 11:46:12","ok","648","500000","1000","0,999","100000","103"
"2026-04-29 11:46:13","ok","649","500000","1250","0,998","50000","101"
"2026-04-29 11:46:13","ok","650","500000","1250","0,998","50000","102"
"2026-04-29 11:46:14","ok","651","500000","1250","0,998","50000","103"
"2026-04-29 11:46:15","ok","652","500000","1250","0,998","100000","101"
"2026-04-29 11:46:15","ok","653","500000","1250","0,998","100000","102"
"2026-04-29 11:46:16","ok","654","500000","1250","0,998","100000","103"
"2026-04-29 11:46:16","ok","655","500000","1250","0,9993","50000","101"
"2026-04-29 11:46:17","ok","656","500000","1250","0,9993","50000","102"
"2026-04-29 11:46:18","ok","657","500000","1250","0,9993","50000","103"
"2026-04-29 11:46:18","ok","658","500000","1250","0,9993","100000","101"
"2026-04-29 11:46:19","ok","659","500000","1250","0,9993","100000","102"
"2026-04-29 11:46:19","ok","660","500000","1250","0,9993","100000","103"
"2026-04-29 11:46:20","ok","661","500000","1250","0,9995","50000","101"
"2026-04-29 11:46:21","ok","662","500000","1250","0,9995","50000","102"
"2026-04-29 11:46:21","ok","663","500000","1250","0,9995","50000","103"
"2026-04-29 11:46:22","ok","664","500000","1250","0,9995","100000","101"
"2026-04-29 11:46:22","ok","665","500000","1250","0,9995","100000","102"
"2026-04-29 11:46:23","ok","666","500000","1250","0,9995","100000","103"
"2026-04-29 11:46:24","ok","667","500000","1250","0,999","50000","101"
"2026-04-29 11:46:24","ok","668","500000","1250","0,999","50000","102"
"2026-04-29 11:46:25","ok","669","500000","1250","0,999","50000","103"
"2026-04-29 11:46:25","ok","670","500000","1250","0,999","100000","101"
"2026-04-29 11:46:26","ok","671","500000","1250","0,999","100000","102"
"2026-04-29 11:46:27","ok","672","500000","1250","0,999","100000","103"
"2026-04-29 11:46:27","ok","673","500000","1500","0,998","50000","101"
"2026-04-29 11:46:28","ok","674","500000","1500","0,998","50000","102"
"2026-04-29 11:46:28","ok","675","500000","1500","0,998","50000","103"
"2026-04-29 11:46:29","ok","676","500000","1500","0,998","100000","101"
"2026-04-29 11:46:29","ok","677","500000","1500","0,998","100000","102"
"2026-04-29 11:46:30","ok","678","500000","1500","0,998","100000","103"
"2026-04-29 11:46:31","ok","679","500000","1500","0,9993","50000","101"
"2026-04-29 11:46:31","ok","680","500000","1500","0,9993","50000","102"
"2026-04-29 11:46:32","ok","681","500000","1500","0,9993","50000","103"
"2026-04-29 11:46:32","ok","682","500000","1500","0,9993","100000","101"
"2026-04-29 11:46:33","ok","683","500000","1500","0,9993","100000","102"
"2026-04-29 11:46:34","ok","684","500000","1500","0,9993","100000","103"
"2026-04-29 11:46:34","ok","685","500000","1500","0,9995","50000","101"
"2026-04-29 11:46:35","ok","686","500000","1500","0,9995","50000","102"
"2026-04-29 11:46:35","ok","687","500000","1500","0,9995","50000","103"
"2026-04-29 11:46:36","ok","688","500000","1500","0,9995","100000","101"
"2026-04-29 11:46:37","ok","689","500000","1500","0,9995","100000","102"
"2026-04-29 11:46:37","ok","690","500000","1500","0,9995","100000","103"
"2026-04-29 11:46:38","ok","691","500000","1500","0,999","50000","101"
"2026-04-29 11:46:38","ok","692","500000","1500","0,999","50000","102"
"2026-04-29 11:46:39","ok","693","500000","1500","0,999","50000","103"
"2026-04-29 11:46:40","ok","694","500000","1500","0,999","100000","101"
"2026-04-29 11:46:40","ok","695","500000","1500","0,999","100000","102"
"2026-04-29 11:46:41","ok","696","500000","1500","0,999","100000","103"
"2026-04-29 11:46:41","ok","697","500000","2000","0,998","50000","101"
"2026-04-29 11:46:42","ok","698","500000","2000","0,998","50000","102"
"2026-04-29 11:46:42","ok","699","500000","2000","0,998","50000","103"
"2026-04-29 11:46:43","ok","700","500000","2000","0,998","100000","101"
"2026-04-29 11:46:44","ok","701","500000","2000","0,998","100000","102"
"2026-04-29 11:46:44","ok","702","500000","2000","0,998","100000","103"
"2026-04-29 11:46:45","ok","703","500000","2000","0,9993","50000","101"
"2026-04-29 11:46:45","ok","704","500000","2000","0,9993","50000","102"
"2026-04-29 11:46:46","ok","705","500000","2000","0,9993","50000","103"
"2026-04-29 11:46:47","ok","706","500000","2000","0,9993","100000","101"
"2026-04-29 11:46:47","ok","707","500000","2000","0,9993","100000","102"
"2026-04-29 11:46:48","ok","708","500000","2000","0,9993","100000","103"
"2026-04-29 11:46:48","ok","709","500000","2000","0,9995","50000","101"
"2026-04-29 11:46:49","ok","710","500000","2000","0,9995","50000","102"
"2026-04-29 11:46:50","ok","711","500000","2000","0,9995","50000","103"
"2026-04-29 11:46:50","ok","712","500000","2000","0,9995","100000","101"
"2026-04-29 11:46:51","ok","713","500000","2000","0,9995","100000","102"
"2026-04-29 11:46:51","ok","714","500000","2000","0,9995","100000","103"
"2026-04-29 11:46:52","ok","715","500000","2000","0,999","50000","101"
"2026-04-29 11:46:53","ok","716","500000","2000","0,999","50000","102"
"2026-04-29 11:46:53","ok","717","500000","2000","0,999","50000","103"
"2026-04-29 11:46:54","ok","718","500000","2000","0,999","100000","101"
"2026-04-29 11:46:54","ok","719","500000","2000","0,999","100000","102"
"2026-04-29 11:46:55","ok","720","500000","2000","0,999","100000","103"
