source_dir,timestamp,instance,algorithm,best_objective,best_distance,time_violation,capacity_violation,vehicle_violation,routes,runtime_ms,solutions_evaluated,penalty_weight,enforce_time_windows,parameters,feasible
resultsSA/Exp1,2026-04-22 17:18:14,data101.vrp,sa,2012.222899790244,2012.222899790244,0.0,0.0,0.0,25,199,30001,1000.0,True,iterations=30000; seed=66571993099; initialTemp=500.0; coolingRate=0.9995; interNeighborhoodType=relocate; intraNeighborhoodType=relocate; vehicleLimit=2147483647,True
resultsSA/Exp10,2026-04-22 19:46:00,data101.vrp,sa,1128.6459048012323,1128.6459048012323,15171.367422795964,0.0,0.0,8,84,30001,1000.0,False,iterations=30000; seed=66571993098; initialTemp=1250.0; coolingRate=0.9993; interNeighborhoodType=relocate; intraNeighborhoodType=relocate; vehicleLimit=2147483647,False
resultsSA/Exp11,2026-04-22 19:46:01,data101.vrp,sa,1071.91270895579,1071.91270895579,14913.64497771768,0.0,0.0,8,84,30001,1000.0,False,iterations=30000; seed=66571993098; initialTemp=1250.0; coolingRate=0.9995; interNeighborhoodType=relocate; intraNeighborhoodType=relocate; vehicleLimit=2147483647,False
resultsSA/Exp12,2026-04-22 19:46:01,data101.vrp,sa,1235.4350234613469,1235.4350234613469,15271.618187781623,0.0,0.0,8,84,30001,1000.0,False,iterations=30000; seed=66571993098; initialTemp=1250.0; coolingRate=0.9997; interNeighborhoodType=relocate; intraNeighborhoodType=relocate; vehicleLimit=2147483647,False
resultsSA/Exp13,2026-04-22 19:46:02,data101.vrp,sa,1185.909407571988,1185.909407571988,13484.439647911497,0.0,0.0,8,88,30001,1000.0,False,iterations=30000; seed=66571993098; initialTemp=1400.0; coolingRate=0.9995; interNeighborhoodType=relocate; intraNeighborhoodType=relocate; vehicleLimit=2147483647,False
resultsSA/Exp14,2026-04-23 12:37:03,data101.vrp,sa,1084.976561450762,1084.976561450762,14399.181179897225,0.0,0.0,8,88,30001,1000.0,False,iterations=30000; seed=66571993099; initialTemp=1250.0; coolingRate=0.9995; interNeighborhoodType=relocate; intraNeighborhoodType=relocate; vehicleLimit=2147483647,False
resultsSA/Exp15,2026-04-23 12:37:04,data101.vrp,sa,1435.0581331632093,1435.0581331632093,17157.69897528099,0.0,0.0,8,71,30001,1000.0,False,iterations=30000; seed=66571993099; initialTemp=1250.0; coolingRate=0.9995; interNeighborhoodType=exchange; intraNeighborhoodType=relocate; vehicleLimit=2147483647,False
resultsSA/Exp16,2026-04-23 12:37:04,data101.vrp,sa,1739.7463882216812,1739.7463882216812,19345.36801686132,0.0,0.0,8,61,30001,1000.0,False,iterations=30000; seed=66571993099; initialTemp=1250.0; coolingRate=0.9995; interNeighborhoodType=relocate; intraNeighborhoodType=2opt; vehicleLimit=2147483647,False
resultsSA/Exp17,2026-04-23 12:43:33,data101.vrp,sa,1104.8915489489427,1104.8915489489427,14556.075136418396,0.0,0.0,8,87,30001,1000.0,False,iterations=30000; seed=66571993099; initialTemp=1000.0; coolingRate=0.9995; interNeighborhoodType=relocate; intraNeighborhoodType=relocate; vehicleLimit=2147483647,False
resultsSA/Exp18,2026-04-23 12:43:34,data101.vrp,sa,938.9377983786368,938.9377983786368,12253.687914135138,0.0,0.0,8,88,30001,1000.0,False,iterations=30000; seed=66571993099; initialTemp=1250.0; coolingRate=0.9993; interNeighborhoodType=relocate; intraNeighborhoodType=relocate; vehicleLimit=2147483647,False
resultsSA/Exp19,2026-04-23 12:43:34,data101.vrp,sa,1084.976561450762,1084.976561450762,14399.181179897225,0.0,0.0,8,86,30001,1000.0,False,iterations=30000; seed=66571993099; initialTemp=1250.0; coolingRate=0.9995; interNeighborhoodType=relocate; intraNeighborhoodType=relocate; vehicleLimit=2147483647,False
resultsSA/Exp2,2026-04-22 17:18:15,data101.vrp,sa,2039.7155977202644,2039.7155977202644,0.0,0.0,0.0,24,121,30001,1000.0,True,iterations=30000; seed=66571993099; initialTemp=750.0; coolingRate=0.9995; interNeighborhoodType=relocate; intraNeighborhoodType=relocate; vehicleLimit=2147483647,True
resultsSA/Exp20,2026-04-23 12:43:35,data101.vrp,sa,1130.493974468733,1130.493974468733,14497.111029820791,0.0,0.0,8,92,30001,1000.0,False,iterations=30000; seed=66571993099; initialTemp=1250.0; coolingRate=0.9997; interNeighborhoodType=relocate; intraNeighborhoodType=relocate; vehicleLimit=2147483647,False
resultsSA/Exp21,2026-04-23 12:43:35,data101.vrp,sa,1089.2744537054464,1089.2744537054464,13839.825185124842,0.0,0.0,8,96,30001,1000.0,False,iterations=30000; seed=66571993099; initialTemp=1400.0; coolingRate=0.9995; interNeighborhoodType=relocate; intraNeighborhoodType=relocate; vehicleLimit=2147483647,False
resultsSA/Exp22,2026-04-23 13:30:31,data101.vrp,sa,1064.3987146773889,1064.3987146773889,14525.386918238382,0.0,0.0,8,88,30001,1000.0,False,iterations=30000; seed=66571993100; initialTemp=1250.0; coolingRate=0.9995; interNeighborhoodType=relocate; intraNeighborhoodType=relocate; vehicleLimit=2147483647,False
resultsSA/Exp23,2026-04-23 13:30:32,data101.vrp,sa,1155.046829724548,1155.046829724548,16378.184036151286,0.0,0.0,8,73,30001,1000.0,False,iterations=30000; seed=66571993100; initialTemp=1250.0; coolingRate=0.9995; interNeighborhoodType=exchange; intraNeighborhoodType=relocate; vehicleLimit=2147483647,False
resultsSA/Exp24,2026-04-23 13:30:32,data101.vrp,sa,1687.1560384259126,1687.1560384259126,20472.228882099807,0.0,0.0,8,67,30001,1000.0,False,iterations=30000; seed=66571993100; initialTemp=1250.0; coolingRate=0.9995; interNeighborhoodType=relocate; intraNeighborhoodType=2opt; vehicleLimit=2147483647,False
resultsSA/Exp25,2026-04-23 13:36:59,data101.vrp,sa,1177.836961347339,1177.836961347339,15351.961508609773,0.0,0.0,8,77,30001,1000.0,False,iterations=30000; seed=66571993100; initialTemp=1000.0; coolingRate=0.9995; interNeighborhoodType=relocate; intraNeighborhoodType=relocate; vehicleLimit=2147483647,False
resultsSA/Exp26,2026-04-23 13:37:00,data101.vrp,sa,999.4822172262672,999.4822172262672,15197.40697470286,0.0,0.0,8,89,30001,1000.0,False,iterations=30000; seed=66571993100; initialTemp=1250.0; coolingRate=0.9993; interNeighborhoodType=relocate; intraNeighborhoodType=relocate; vehicleLimit=2147483647,False
resultsSA/Exp27,2026-04-23 13:37:00,data101.vrp,sa,1064.3987146773889,1064.3987146773889,14525.386918238382,0.0,0.0,8,87,30001,1000.0,False,iterations=30000; seed=66571993100; initialTemp=1250.0; coolingRate=0.9995; interNeighborhoodType=relocate; intraNeighborhoodType=relocate; vehicleLimit=2147483647,False
resultsSA/Exp28,2026-04-23 13:37:00,data101.vrp,sa,1100.334997077245,1100.334997077245,15508.283441705826,0.0,0.0,8,114,30001,1000.0,False,iterations=30000; seed=66571993100; initialTemp=1250.0; coolingRate=0.9997; interNeighborhoodType=relocate; intraNeighborhoodType=relocate; vehicleLimit=2147483647,False
resultsSA/Exp29,2026-04-23 13:37:01,data101.vrp,sa,1028.3339559623064,1028.3339559623064,13523.004279823566,0.0,0.0,8,79,30001,1000.0,False,iterations=30000; seed=66571993100; initialTemp=1400.0; coolingRate=0.9995; interNeighborhoodType=relocate; intraNeighborhoodType=relocate; vehicleLimit=2147483647,False
resultsSA/Exp3,2026-04-22 17:18:15,data101.vrp,sa,2001.737056401266,2001.737056401266,0.0,0.0,0.0,25,104,30001,1000.0,True,iterations=30000; seed=66571993099; initialTemp=1000.0; coolingRate=0.9995; interNeighborhoodType=relocate; intraNeighborhoodType=relocate; vehicleLimit=2147483647,True
resultsSA/Exp30,2026-04-23 15:56:02,data101.vrp,sa,1034.670888243157,1034.670888243157,15048.457898290291,0.0,0.0,8,77,30001,1000.0,False,iterations=30000; seed=66571993101; initialTemp=1250.0; coolingRate=0.9995; interNeighborhoodType=relocate; intraNeighborhoodType=relocate; vehicleLimit=2147483647,False
resultsSA/Exp31,2026-04-23 15:56:02,data101.vrp,sa,1565.6509588006768,1565.6509588006768,18874.173269929663,0.0,0.0,8,68,30001,1000.0,False,iterations=30000; seed=66571993101; initialTemp=1250.0; coolingRate=0.9995; interNeighborhoodType=exchange; intraNeighborhoodType=relocate; vehicleLimit=2147483647,False
resultsSA/Exp32,2026-04-23 15:56:03,data101.vrp,sa,1692.9620578515558,1692.9620578515558,19076.59146531272,0.0,0.0,8,63,30001,1000.0,False,iterations=30000; seed=66571993101; initialTemp=1250.0; coolingRate=0.9995; interNeighborhoodType=relocate; intraNeighborhoodType=2opt; vehicleLimit=2147483647,False
resultsSA/Exp33,2026-04-23 16:02:23,data101.vrp,sa,1026.3244788254738,1026.3244788254738,14286.869920371157,0.0,0.0,8,84,30001,1000.0,False,iterations=30000; seed=66571993101; initialTemp=1000.0; coolingRate=0.9995; interNeighborhoodType=relocate; intraNeighborhoodType=relocate; vehicleLimit=2147483647,False
resultsSA/Exp34,2026-04-23 16:02:24,data101.vrp,sa,1159.4419307138437,1159.4419307138437,13482.124677412943,0.0,0.0,8,80,30001,1000.0,False,iterations=30000; seed=66571993101; initialTemp=1250.0; coolingRate=0.9993; interNeighborhoodType=relocate; intraNeighborhoodType=relocate; vehicleLimit=2147483647,False
resultsSA/Exp35,2026-04-23 16:02:24,data101.vrp,sa,1034.670888243157,1034.670888243157,15048.457898290291,0.0,0.0,8,80,30001,1000.0,False,iterations=30000; seed=66571993101; initialTemp=1250.0; coolingRate=0.9995; interNeighborhoodType=relocate; intraNeighborhoodType=relocate; vehicleLimit=2147483647,False
resultsSA/Exp36,2026-04-23 16:02:25,data101.vrp,sa,1138.7498630676323,1138.7498630676323,12542.791395154858,0.0,0.0,8,81,30001,1000.0,False,iterations=30000; seed=66571993101; initialTemp=1250.0; coolingRate=0.9997; interNeighborhoodType=relocate; intraNeighborhoodType=relocate; vehicleLimit=2147483647,False
resultsSA/Exp37,2026-04-23 16:02:25,data101.vrp,sa,1130.1000878010727,1130.1000878010727,14395.893783233274,0.0,0.0,8,91,30001,1000.0,False,iterations=30000; seed=66571993101; initialTemp=1400.0; coolingRate=0.9995; interNeighborhoodType=relocate; intraNeighborhoodType=relocate; vehicleLimit=2147483647,False
resultsSA/Exp38,2026-04-23 16:39:56,data101.vrp,sa,1097.8502953499692,1097.8502953499692,13939.460971616165,0.0,0.0,8,90,30001,1000.0,False,iterations=30000; seed=66571993102; initialTemp=1250.0; coolingRate=0.9995; interNeighborhoodType=relocate; intraNeighborhoodType=relocate; vehicleLimit=2147483647,False
resultsSA/Exp39,2026-04-23 16:39:56,data101.vrp,sa,1343.3620177885275,1343.3620177885275,17766.243414358283,0.0,0.0,8,71,30001,1000.0,False,iterations=30000; seed=66571993102; initialTemp=1250.0; coolingRate=0.9995; interNeighborhoodType=exchange; intraNeighborhoodType=relocate; vehicleLimit=2147483647,False
resultsSA/Exp4,2026-04-22 17:18:15,data101.vrp,sa,1984.742137897323,1984.742137897323,0.0,0.0,0.0,24,96,30001,1000.0,True,iterations=30000; seed=66571993099; initialTemp=1250.0; coolingRate=0.9995; interNeighborhoodType=relocate; intraNeighborhoodType=relocate; vehicleLimit=2147483647,True
resultsSA/Exp40,2026-04-23 16:39:57,data101.vrp,sa,1651.1105063610698,1651.1105063610698,20068.79657005979,0.0,0.0,8,60,30001,1000.0,False,iterations=30000; seed=66571993102; initialTemp=1250.0; coolingRate=0.9995; interNeighborhoodType=relocate; intraNeighborhoodType=2opt; vehicleLimit=2147483647,False
resultsSA/Exp41,2026-04-23 16:46:19,data101.vrp,sa,1071.3827933748646,1071.3827933748646,13733.42997130598,0.0,0.0,8,85,30001,1000.0,False,iterations=30000; seed=66571993102; initialTemp=1000.0; coolingRate=0.9995; interNeighborhoodType=relocate; intraNeighborhoodType=relocate; vehicleLimit=2147483647,False
resultsSA/Exp42,2026-04-23 16:46:20,data101.vrp,sa,1239.1684691489463,1239.1684691489463,15839.777891733498,0.0,0.0,8,90,30001,1000.0,False,iterations=30000; seed=66571993102; initialTemp=1250.0; coolingRate=0.9993; interNeighborhoodType=relocate; intraNeighborhoodType=relocate; vehicleLimit=2147483647,False
resultsSA/Exp43,2026-04-23 16:46:20,data101.vrp,sa,1097.8502953499692,1097.8502953499692,13939.460971616165,0.0,0.0,8,92,30001,1000.0,False,iterations=30000; seed=66571993102; initialTemp=1250.0; coolingRate=0.9995; interNeighborhoodType=relocate; intraNeighborhoodType=relocate; vehicleLimit=2147483647,False
resultsSA/Exp44,2026-04-23 16:46:20,data101.vrp,sa,1165.45574167923,1165.45574167923,14448.905800531962,0.0,0.0,8,94,30001,1000.0,False,iterations=30000; seed=66571993102; initialTemp=1250.0; coolingRate=0.9997; interNeighborhoodType=relocate; intraNeighborhoodType=relocate; vehicleLimit=2147483647,False
resultsSA/Exp45,2026-04-23 16:46:21,data101.vrp,sa,1087.7935888220636,1087.7935888220636,17092.87102398446,0.0,0.0,8,87,30001,1000.0,False,iterations=30000; seed=66571993102; initialTemp=1400.0; coolingRate=0.9995; interNeighborhoodType=relocate; intraNeighborhoodType=relocate; vehicleLimit=2147483647,False
resultsSA/Exp46,2026-04-23 17:14:21,data101.vrp,sa,1085.690782375405,1085.690782375405,13871.766222834876,0.0,0.0,8,103,30001,1000.0,False,iterations=30000; seed=66571993103; initialTemp=1250.0; coolingRate=0.9995; interNeighborhoodType=relocate; intraNeighborhoodType=relocate; vehicleLimit=2147483647,False
resultsSA/Exp47,2026-04-23 17:14:22,data101.vrp,sa,1281.1184934845185,1281.1184934845185,15227.750968121802,0.0,0.0,8,70,30001,1000.0,False,iterations=30000; seed=66571993103; initialTemp=1250.0; coolingRate=0.9995; interNeighborhoodType=exchange; intraNeighborhoodType=relocate; vehicleLimit=2147483647,False
resultsSA/Exp48,2026-04-23 17:14:22,data101.vrp,sa,1732.6739183119278,1732.6739183119278,18279.048440679693,0.0,0.0,8,62,30001,1000.0,False,iterations=30000; seed=66571993103; initialTemp=1250.0; coolingRate=0.9995; interNeighborhoodType=relocate; intraNeighborhoodType=2opt; vehicleLimit=2147483647,False
resultsSA/Exp49,2026-04-23 17:20:11,data101.vrp,sa,1117.2664243121385,1117.2664243121385,15056.468387324,0.0,0.0,8,83,30001,1000.0,False,iterations=30000; seed=66571993103; initialTemp=1000.0; coolingRate=0.9995; interNeighborhoodType=relocate; intraNeighborhoodType=relocate; vehicleLimit=2147483647,False
resultsSA/Exp5,2026-04-22 17:18:16,data101.vrp,sa,2054.8919873138343,2054.8919873138343,0.0,0.0,0.0,24,93,30001,1000.0,True,iterations=30000; seed=66571993099; initialTemp=1500.0; coolingRate=0.9995; interNeighborhoodType=relocate; intraNeighborhoodType=relocate; vehicleLimit=2147483647,True
resultsSA/Exp50,2026-04-23 17:20:12,data101.vrp,sa,1040.805299437577,1040.805299437577,16287.8217850354,0.0,0.0,8,81,30001,1000.0,False,iterations=30000; seed=66571993103; initialTemp=1250.0; coolingRate=0.9993; interNeighborhoodType=relocate; intraNeighborhoodType=relocate; vehicleLimit=2147483647,False
resultsSA/Exp51,2026-04-23 17:20:12,data101.vrp,sa,1085.690782375405,1085.690782375405,13871.766222834876,0.0,0.0,8,86,30001,1000.0,False,iterations=30000; seed=66571993103; initialTemp=1250.0; coolingRate=0.9995; interNeighborhoodType=relocate; intraNeighborhoodType=relocate; vehicleLimit=2147483647,False
resultsSA/Exp52,2026-04-23 17:20:13,data101.vrp,sa,1095.4997666293905,1095.4997666293905,15091.629661457038,0.0,0.0,8,92,30001,1000.0,False,iterations=30000; seed=66571993103; initialTemp=1250.0; coolingRate=0.9997; interNeighborhoodType=relocate; intraNeighborhoodType=relocate; vehicleLimit=2147483647,False
resultsSA/Exp53,2026-04-23 17:20:13,data101.vrp,sa,1151.1748235456073,1151.1748235456073,15132.243212103089,0.0,0.0,8,87,30001,1000.0,False,iterations=30000; seed=66571993103; initialTemp=1400.0; coolingRate=0.9995; interNeighborhoodType=relocate; intraNeighborhoodType=relocate; vehicleLimit=2147483647,False
resultsSA/Exp54,2026-04-23 17:43:12,data101.vrp,sa,1115.0516796855056,1115.0516796855056,15448.09549356046,0.0,0.0,8,89,30001,1000.0,False,iterations=30000; seed=66571993104; initialTemp=1250.0; coolingRate=0.9995; interNeighborhoodType=relocate; intraNeighborhoodType=relocate; vehicleLimit=2147483647,False
resultsSA/Exp55,2026-04-23 17:43:12,data101.vrp,sa,1332.2520840437091,1332.2520840437091,13119.829952776565,0.0,0.0,8,78,30001,1000.0,False,iterations=30000; seed=66571993104; initialTemp=1250.0; coolingRate=0.9995; interNeighborhoodType=exchange; intraNeighborhoodType=relocate; vehicleLimit=2147483647,False
resultsSA/Exp56,2026-04-23 17:43:13,data101.vrp,sa,1792.602157166002,1792.602157166002,17812.154359454235,0.0,0.0,8,57,30001,1000.0,False,iterations=30000; seed=66571993104; initialTemp=1250.0; coolingRate=0.9995; interNeighborhoodType=relocate; intraNeighborhoodType=2opt; vehicleLimit=2147483647,False
resultsSA/Exp57,2026-04-23 17:49:31,data101.vrp,sa,1073.804570606475,1073.804570606475,14733.99999532478,0.0,0.0,8,77,30001,1000.0,False,iterations=30000; seed=66571993104; initialTemp=1000.0; coolingRate=0.9995; interNeighborhoodType=relocate; intraNeighborhoodType=relocate; vehicleLimit=2147483647,False
resultsSA/Exp58,2026-04-23 17:49:31,data101.vrp,sa,1083.2948437861894,1083.2948437861894,12783.220676669318,0.0,0.0,8,86,30001,1000.0,False,iterations=30000; seed=66571993104; initialTemp=1250.0; coolingRate=0.9993; interNeighborhoodType=relocate; intraNeighborhoodType=relocate; vehicleLimit=2147483647,False
resultsSA/Exp59,2026-04-23 17:49:32,data101.vrp,sa,1115.0516796855056,1115.0516796855056,15448.09549356046,0.0,0.0,8,81,30001,1000.0,False,iterations=30000; seed=66571993104; initialTemp=1250.0; coolingRate=0.9995; interNeighborhoodType=relocate; intraNeighborhoodType=relocate; vehicleLimit=2147483647,False
resultsSA/Exp6,2026-04-22 19:39:57,data101.vrp,sa,1071.91270895579,1071.91270895579,14913.64497771768,0.0,0.0,8,87,30001,1000.0,False,iterations=30000; seed=66571993098; initialTemp=1250.0; coolingRate=0.9995; interNeighborhoodType=relocate; intraNeighborhoodType=relocate; vehicleLimit=2147483647,False
resultsSA/Exp60,2026-04-23 17:49:32,data101.vrp,sa,1077.5316556225475,1077.5316556225475,12784.999382259728,0.0,0.0,8,83,30001,1000.0,False,iterations=30000; seed=66571993104; initialTemp=1250.0; coolingRate=0.9997; interNeighborhoodType=relocate; intraNeighborhoodType=relocate; vehicleLimit=2147483647,False
resultsSA/Exp61,2026-04-23 17:49:33,data101.vrp,sa,1124.0396612014536,1124.0396612014536,14058.278598614032,0.0,0.0,8,85,30001,1000.0,False,iterations=30000; seed=66571993104; initialTemp=1400.0; coolingRate=0.9995; interNeighborhoodType=relocate; intraNeighborhoodType=relocate; vehicleLimit=2147483647,False
resultsSA/Exp62,2026-04-23 18:51:46,data101.vrp,sa,1046.8244373052246,1046.8244373052246,15469.81884763638,0.0,0.0,8,85,30001,1000.0,False,iterations=30000; seed=66571993105; initialTemp=1250.0; coolingRate=0.9995; interNeighborhoodType=relocate; intraNeighborhoodType=relocate; vehicleLimit=2147483647,False
resultsSA/Exp63,2026-04-23 18:51:46,data101.vrp,sa,1216.405242389909,1216.405242389909,16634.731237231696,0.0,0.0,8,86,30001,1000.0,False,iterations=30000; seed=66571993105; initialTemp=1250.0; coolingRate=0.9995; interNeighborhoodType=exchange; intraNeighborhoodType=relocate; vehicleLimit=2147483647,False
resultsSA/Exp64,2026-04-23 18:51:46,data101.vrp,sa,1756.8541773852555,1756.8541773852555,16245.194300591882,0.0,0.0,8,52,30001,1000.0,False,iterations=30000; seed=66571993105; initialTemp=1250.0; coolingRate=0.9995; interNeighborhoodType=relocate; intraNeighborhoodType=2opt; vehicleLimit=2147483647,False
resultsSA/Exp65,2026-04-23 18:57:56,data101.vrp,sa,1086.1858248886542,1086.1858248886542,17300.220045085796,0.0,0.0,8,79,30001,1000.0,False,iterations=30000; seed=66571993105; initialTemp=1000.0; coolingRate=0.9995; interNeighborhoodType=relocate; intraNeighborhoodType=relocate; vehicleLimit=2147483647,False
resultsSA/Exp66,2026-04-23 18:57:57,data101.vrp,sa,1080.9445046661124,1080.9445046661124,15090.186937611015,0.0,0.0,8,84,30001,1000.0,False,iterations=30000; seed=66571993105; initialTemp=1250.0; coolingRate=0.9993; interNeighborhoodType=relocate; intraNeighborhoodType=relocate; vehicleLimit=2147483647,False
resultsSA/Exp67,2026-04-23 18:57:57,data101.vrp,sa,1046.8244373052246,1046.8244373052246,15469.81884763638,0.0,0.0,8,89,30001,1000.0,False,iterations=30000; seed=66571993105; initialTemp=1250.0; coolingRate=0.9995; interNeighborhoodType=relocate; intraNeighborhoodType=relocate; vehicleLimit=2147483647,False
resultsSA/Exp68,2026-04-23 18:57:58,data101.vrp,sa,1142.3098229874818,1142.3098229874818,15804.546027322607,0.0,0.0,8,92,30001,1000.0,False,iterations=30000; seed=66571993105; initialTemp=1250.0; coolingRate=0.9997; interNeighborhoodType=relocate; intraNeighborhoodType=relocate; vehicleLimit=2147483647,False
resultsSA/Exp69,2026-04-23 18:57:58,data101.vrp,sa,1062.361830890634,1062.361830890634,14581.717536350796,0.0,0.0,8,100,30001,1000.0,False,iterations=30000; seed=66571993105; initialTemp=1400.0; coolingRate=0.9995; interNeighborhoodType=relocate; intraNeighborhoodType=relocate; vehicleLimit=2147483647,False
resultsSA/Exp7,2026-04-22 19:39:58,data101.vrp,sa,1149.3491375264473,1149.3491375264473,14993.21168258619,0.0,0.0,8,98,30001,1000.0,False,iterations=30000; seed=66571993098; initialTemp=1250.0; coolingRate=0.9995; interNeighborhoodType=exchange; intraNeighborhoodType=relocate; vehicleLimit=2147483647,False
resultsSA/Exp70,2026-04-24 10:03:39,data101.vrp,sa,1855.7016539670497,1855.7016539670497,0.0,0.0,0.0,23,102,30001,1000.0,True,iterations=30000; seed=66571993098; initialTemp=1250.0; coolingRate=0.9993; interNeighborhoodType=relocate; intraNeighborhoodType=relocate; vehicleLimit=2147483647,True
resultsSA/Exp71,2026-04-24 10:12:32,data111.vrp,sa,1322.8182527200422,1322.8182527200422,0.0,0.0,0.0,16,79,30001,1000.0,True,iterations=30000; seed=66571993098; initialTemp=1250.0; coolingRate=0.9993; interNeighborhoodType=relocate; intraNeighborhoodType=relocate; vehicleLimit=2147483647,True
resultsSA/Exp72,2026-04-24 10:18:11,data201.vrp,sa,1471.7668536761057,1471.7668536761057,0.0,0.0,0.0,11,97,30001,1000.0,True,iterations=30000; seed=66571993098; initialTemp=1250.0; coolingRate=0.9993; interNeighborhoodType=relocate; intraNeighborhoodType=relocate; vehicleLimit=2147483647,True
resultsSA/Exp8,2026-04-22 19:39:58,data101.vrp,sa,1762.186010903243,1762.186010903243,19206.716872790534,0.0,0.0,8,61,30001,1000.0,False,iterations=30000; seed=66571993098; initialTemp=1250.0; coolingRate=0.9995; interNeighborhoodType=relocate; intraNeighborhoodType=2opt; vehicleLimit=2147483647,False
resultsSA/Exp9,2026-04-22 19:46:00,data101.vrp,sa,1076.7534517408378,1076.7534517408378,13129.936257488836,0.0,0.0,8,90,30001,1000.0,False,iterations=30000; seed=66571993098; initialTemp=1000.0; coolingRate=0.9995; interNeighborhoodType=relocate; intraNeighborhoodType=relocate; vehicleLimit=2147483647,False
resultTABU/Exp1,2026-04-22 17:24:59,data101.vrp,tabu,1815.7179544439252,1815.7179544439252,0.0,0.0,0.0,24,402626,355334439,1000.0,True,iterations=30000; seed=15032385571; tabuTenure=10; interNeighborhoodType=relocate; intraNeighborhoodType=relocate; vehicleLimit=2147483647,True
resultTABU/Exp10,2026-04-22 19:54:30,data101.vrp,tabu,1040.3258887374602,1040.3258887374602,14754.459768844245,0.0,0.0,8,264859,281517019,1000.0,False,iterations=30000; seed=15032385570; tabuTenure=50; interNeighborhoodType=relocate; intraNeighborhoodType=relocate; vehicleLimit=2147483647,False
resultTABU/Exp11,2026-04-23 12:32:39,data101.vrp,tabu,1040.3258887374602,1040.3258887374602,14754.459768844245,0.0,0.0,8,59888616,281532015,1000.0,False,iterations=30000; seed=15032385570; tabuTenure=60; interNeighborhoodType=relocate; intraNeighborhoodType=relocate; vehicleLimit=2147483647,False
resultTABU/Exp12,2026-04-23 12:37:03,data101.vrp,tabu,1040.3258887374602,1040.3258887374602,14754.459768844245,0.0,0.0,8,263110,281533729,1000.0,False,iterations=30000; seed=15032385570; tabuTenure=70; interNeighborhoodType=relocate; intraNeighborhoodType=relocate; vehicleLimit=2147483647,False
resultTABU/Exp13,2026-04-23 12:41:30,data101.vrp,tabu,943.4658738436924,943.4658738436924,14214.633926379993,0.0,0.0,8,265549,282103393,1000.0,False,iterations=30000; seed=15032385571; tabuTenure=50; interNeighborhoodType=relocate; intraNeighborhoodType=relocate; vehicleLimit=2147483647,False
resultTABU/Exp14,2026-04-23 12:43:19,data101.vrp,tabu,1255.9512611536295,1255.9512611536295,16816.88771279364,0.0,0.0,8,108877,129300001,1000.0,False,iterations=30000; seed=15032385571; tabuTenure=50; interNeighborhoodType=exchange; intraNeighborhoodType=relocate; vehicleLimit=2147483647,False
resultTABU/Exp15,2026-04-23 12:43:33,data101.vrp,tabu,1744.5325821146553,1744.5325821146553,20430.494408868693,0.0,0.0,8,13200,16410001,1000.0,False,iterations=30000; seed=15032385571; tabuTenure=50; interNeighborhoodType=relocate; intraNeighborhoodType=2opt; vehicleLimit=2147483647,False
resultTABU/Exp16,2026-04-23 12:48:04,data101.vrp,tabu,957.3221633733516,957.3221633733516,16168.044606014872,0.0,0.0,8,268546,282149271,1000.0,False,iterations=30000; seed=15032385571; tabuTenure=40; interNeighborhoodType=relocate; intraNeighborhoodType=relocate; vehicleLimit=2147483647,False
resultTABU/Exp17,2026-04-23 12:52:27,data101.vrp,tabu,943.4658738436924,943.4658738436924,14214.633926379993,0.0,0.0,8,262631,282103393,1000.0,False,iterations=30000; seed=15032385571; tabuTenure=50; interNeighborhoodType=relocate; intraNeighborhoodType=relocate; vehicleLimit=2147483647,False
resultTABU/Exp18,2026-04-23 13:25:45,data101.vrp,tabu,957.3221633733516,957.3221633733516,16168.044606014872,0.0,0.0,8,1997702,281952797,1000.0,False,iterations=30000; seed=15032385571; tabuTenure=60; interNeighborhoodType=relocate; intraNeighborhoodType=relocate; vehicleLimit=2147483647,False
resultTABU/Exp19,2026-04-23 13:30:31,data101.vrp,tabu,957.3221633733516,957.3221633733516,16168.044606014872,0.0,0.0,8,284975,281927815,1000.0,False,iterations=30000; seed=15032385571; tabuTenure=70; interNeighborhoodType=relocate; intraNeighborhoodType=relocate; vehicleLimit=2147483647,False
resultTABU/Exp2,2026-04-22 17:31:48,data101.vrp,tabu,1806.15892517255,1806.15892517255,0.0,0.0,0.0,23,408610,352045743,1000.0,True,iterations=30000; seed=15032385571; tabuTenure=20; interNeighborhoodType=relocate; intraNeighborhoodType=relocate; vehicleLimit=2147483647,True
resultTABU/Exp20,2026-04-23 13:35:07,data101.vrp,tabu,998.3628887694044,998.3628887694044,15955.652348581532,0.0,0.0,8,274664,281776335,1000.0,False,iterations=30000; seed=15032385572; tabuTenure=50; interNeighborhoodType=relocate; intraNeighborhoodType=relocate; vehicleLimit=2147483647,False
resultTABU/Exp21,2026-04-23 13:36:46,data101.vrp,tabu,1151.1290944671907,1151.1290944671907,16339.349538198268,0.0,0.0,8,98354,130020001,1000.0,False,iterations=30000; seed=15032385572; tabuTenure=50; interNeighborhoodType=exchange; intraNeighborhoodType=relocate; vehicleLimit=2147483647,False
resultTABU/Exp22,2026-04-23 13:36:59,data101.vrp,tabu,1726.9804141255563,1726.9804141255563,20258.61088778019,0.0,0.0,8,12106,15720001,1000.0,False,iterations=30000; seed=15032385572; tabuTenure=50; interNeighborhoodType=relocate; intraNeighborhoodType=2opt; vehicleLimit=2147483647,False
resultTABU/Exp23,2026-04-23 14:21:56,data101.vrp,tabu,996.261882695778,996.261882695778,15905.574148676278,0.0,0.0,8,2694264,281804317,1000.0,False,iterations=30000; seed=15032385572; tabuTenure=40; interNeighborhoodType=relocate; intraNeighborhoodType=relocate; vehicleLimit=2147483647,False
resultTABU/Exp24,2026-04-23 14:26:03,data101.vrp,tabu,998.3628887694044,998.3628887694044,15955.652348581532,0.0,0.0,8,247213,281776335,1000.0,False,iterations=30000; seed=15032385572; tabuTenure=50; interNeighborhoodType=relocate; intraNeighborhoodType=relocate; vehicleLimit=2147483647,False
resultTABU/Exp25,2026-04-23 14:30:10,data101.vrp,tabu,998.3628887694044,998.3628887694044,15955.652348581532,0.0,0.0,8,246085,281742823,1000.0,False,iterations=30000; seed=15032385572; tabuTenure=60; interNeighborhoodType=relocate; intraNeighborhoodType=relocate; vehicleLimit=2147483647,False
resultTABU/Exp26,2026-04-23 15:56:01,data101.vrp,tabu,998.4386807872082,998.4386807872082,16225.45000444991,0.0,0.0,8,5151376,281258959,1000.0,False,iterations=30000; seed=15032385572; tabuTenure=70; interNeighborhoodType=relocate; intraNeighborhoodType=relocate; vehicleLimit=2147483647,False
resultTABU/Exp27,2026-04-23 16:00:26,data101.vrp,tabu,1095.1171723531318,1095.1171723531318,15228.14080364037,0.0,0.0,8,263144,281560679,1000.0,False,iterations=30000; seed=15032385573; tabuTenure=50; interNeighborhoodType=relocate; intraNeighborhoodType=relocate; vehicleLimit=2147483647,False
resultTABU/Exp28,2026-04-23 16:02:09,data101.vrp,tabu,1260.8095548780232,1260.8095548780232,16523.513488226716,0.0,0.0,8,102938,129030001,1000.0,False,iterations=30000; seed=15032385573; tabuTenure=50; interNeighborhoodType=exchange; intraNeighborhoodType=relocate; vehicleLimit=2147483647,False
resultTABU/Exp29,2026-04-23 16:02:23,data101.vrp,tabu,1737.6917247520628,1737.6917247520628,20583.88039809168,0.0,0.0,8,12835,16710001,1000.0,False,iterations=30000; seed=15032385573; tabuTenure=50; interNeighborhoodType=relocate; intraNeighborhoodType=2opt; vehicleLimit=2147483647,False
resultTABU/Exp3,2026-04-22 17:38:19,data101.vrp,tabu,1806.15892517255,1806.15892517255,0.0,0.0,0.0,23,390411,352045307,1000.0,True,iterations=30000; seed=15032385571; tabuTenure=30; interNeighborhoodType=relocate; intraNeighborhoodType=relocate; vehicleLimit=2147483647,True
resultTABU/Exp30,2026-04-23 16:06:51,data101.vrp,tabu,993.4907094585136,993.4907094585136,16878.63924289712,0.0,0.0,8,265970,280735785,1000.0,False,iterations=30000; seed=15032385573; tabuTenure=40; interNeighborhoodType=relocate; intraNeighborhoodType=relocate; vehicleLimit=2147483647,False
resultTABU/Exp31,2026-04-23 16:11:14,data101.vrp,tabu,1095.1171723531318,1095.1171723531318,15228.14080364037,0.0,0.0,8,261704,281560679,1000.0,False,iterations=30000; seed=15032385573; tabuTenure=50; interNeighborhoodType=relocate; intraNeighborhoodType=relocate; vehicleLimit=2147483647,False
resultTABU/Exp32,2026-04-23 16:35:30,data101.vrp,tabu,1095.1171723531318,1095.1171723531318,15228.14080364037,0.0,0.0,8,1456053,281550385,1000.0,False,iterations=30000; seed=15032385573; tabuTenure=60; interNeighborhoodType=relocate; intraNeighborhoodType=relocate; vehicleLimit=2147483647,False
resultTABU/Exp33,2026-04-23 16:39:55,data101.vrp,tabu,997.840831280306,997.840831280306,15965.407473234594,0.0,0.0,8,264900,281477597,1000.0,False,iterations=30000; seed=15032385573; tabuTenure=70; interNeighborhoodType=relocate; intraNeighborhoodType=relocate; vehicleLimit=2147483647,False
resultTABU/Exp34,2026-04-23 16:44:21,data101.vrp,tabu,926.049246739634,926.049246739634,15229.79269887996,0.0,0.0,8,263930,281878145,1000.0,False,iterations=30000; seed=15032385574; tabuTenure=50; interNeighborhoodType=relocate; intraNeighborhoodType=relocate; vehicleLimit=2147483647,False
resultTABU/Exp35,2026-04-23 16:46:05,data101.vrp,tabu,1252.4684710032686,1252.4684710032686,16672.95577807504,0.0,0.0,8,103544,129360001,1000.0,False,iterations=30000; seed=15032385574; tabuTenure=50; interNeighborhoodType=exchange; intraNeighborhoodType=relocate; vehicleLimit=2147483647,False
resultTABU/Exp36,2026-04-23 16:46:19,data101.vrp,tabu,1666.0519082080907,1666.0519082080907,21336.14447141292,0.0,0.0,8,13314,16380001,1000.0,False,iterations=30000; seed=15032385574; tabuTenure=50; interNeighborhoodType=relocate; intraNeighborhoodType=2opt; vehicleLimit=2147483647,False
resultTABU/Exp37,2026-04-23 17:01:06,data101.vrp,tabu,911.199518704558,911.199518704558,15812.681756028418,0.0,0.0,8,885070,282337609,1000.0,False,iterations=30000; seed=15032385574; tabuTenure=40; interNeighborhoodType=relocate; intraNeighborhoodType=relocate; vehicleLimit=2147483647,False
resultTABU/Exp38,2026-04-23 17:05:31,data101.vrp,tabu,926.049246739634,926.049246739634,15229.79269887996,0.0,0.0,8,264618,281878145,1000.0,False,iterations=30000; seed=15032385574; tabuTenure=50; interNeighborhoodType=relocate; intraNeighborhoodType=relocate; vehicleLimit=2147483647,False
resultTABU/Exp39,2026-04-23 17:09:55,data101.vrp,tabu,926.049246739634,926.049246739634,15229.79269887996,0.0,0.0,8,263584,281895237,1000.0,False,iterations=30000; seed=15032385574; tabuTenure=60; interNeighborhoodType=relocate; intraNeighborhoodType=relocate; vehicleLimit=2147483647,False
resultTABU/Exp4,2026-04-22 17:46:02,data101.vrp,tabu,1800.345381234129,1800.345381234129,0.0,0.0,0.0,23,462533,352209925,1000.0,True,iterations=30000; seed=15032385571; tabuTenure=40; interNeighborhoodType=relocate; intraNeighborhoodType=relocate; vehicleLimit=2147483647,True
resultTABU/Exp40,2026-04-23 17:14:21,data101.vrp,tabu,931.3305549554332,931.3305549554332,16469.72813236033,0.0,0.0,8,265317,281191973,1000.0,False,iterations=30000; seed=15032385574; tabuTenure=70; interNeighborhoodType=relocate; intraNeighborhoodType=relocate; vehicleLimit=2147483647,False
resultTABU/Exp41,2026-04-23 17:18:26,data101.vrp,tabu,1004.2858563793536,1004.2858563793536,15378.830677798422,0.0,0.0,8,242963,281024359,1000.0,False,iterations=30000; seed=15032385575; tabuTenure=50; interNeighborhoodType=relocate; intraNeighborhoodType=relocate; vehicleLimit=2147483647,False
resultTABU/Exp42,2026-04-23 17:19:58,data101.vrp,tabu,1323.081041432651,1323.081041432651,17070.699097685345,0.0,0.0,8,92424,129660001,1000.0,False,iterations=30000; seed=15032385575; tabuTenure=50; interNeighborhoodType=exchange; intraNeighborhoodType=relocate; vehicleLimit=2147483647,False
resultTABU/Exp43,2026-04-23 17:20:11,data101.vrp,tabu,1803.844981665044,1803.844981665044,22285.72124226149,0.0,0.0,8,12001,16080001,1000.0,False,iterations=30000; seed=15032385575; tabuTenure=50; interNeighborhoodType=relocate; intraNeighborhoodType=2opt; vehicleLimit=2147483647,False
resultTABU/Exp44,2026-04-23 17:30:42,data101.vrp,tabu,961.9902309322975,961.9902309322975,12938.6293998568,0.0,0.0,8,628976,281991947,1000.0,False,iterations=30000; seed=15032385575; tabuTenure=40; interNeighborhoodType=relocate; intraNeighborhoodType=relocate; vehicleLimit=2147483647,False
resultTABU/Exp45,2026-04-23 17:34:45,data101.vrp,tabu,1004.2858563793536,1004.2858563793536,15378.830677798422,0.0,0.0,8,241956,281024359,1000.0,False,iterations=30000; seed=15032385575; tabuTenure=50; interNeighborhoodType=relocate; intraNeighborhoodType=relocate; vehicleLimit=2147483647,False
resultTABU/Exp46,2026-04-23 17:38:46,data101.vrp,tabu,1002.7223169602938,1002.7223169602938,14692.61399006481,0.0,0.0,8,241135,280997519,1000.0,False,iterations=30000; seed=15032385575; tabuTenure=60; interNeighborhoodType=relocate; intraNeighborhoodType=relocate; vehicleLimit=2147483647,False
resultTABU/Exp47,2026-04-23 17:43:11,data101.vrp,tabu,991.3162325728736,991.3162325728736,14462.107313316355,0.0,0.0,8,264797,280739581,1000.0,False,iterations=30000; seed=15032385575; tabuTenure=70; interNeighborhoodType=relocate; intraNeighborhoodType=relocate; vehicleLimit=2147483647,False
resultTABU/Exp48,2026-04-23 17:47:35,data101.vrp,tabu,912.7094195926104,912.7094195926104,12318.351739556125,0.0,0.0,8,261870,281551127,1000.0,False,iterations=30000; seed=15032385576; tabuTenure=50; interNeighborhoodType=relocate; intraNeighborhoodType=relocate; vehicleLimit=2147483647,False
resultTABU/Exp49,2026-04-23 17:49:18,data101.vrp,tabu,1249.1351230693767,1249.1351230693767,13681.532039946316,0.0,0.0,8,102571,129630001,1000.0,False,iterations=30000; seed=15032385576; tabuTenure=50; interNeighborhoodType=exchange; intraNeighborhoodType=relocate; vehicleLimit=2147483647,False
resultTABU/Exp5,2026-04-22 17:53:06,data101.vrp,tabu,1796.815572350666,1796.815572350666,0.0,0.0,0.0,23,423415,352611489,1000.0,True,iterations=30000; seed=15032385571; tabuTenure=50; interNeighborhoodType=relocate; intraNeighborhoodType=relocate; vehicleLimit=2147483647,True
resultTABU/Exp50,2026-04-23 17:49:31,data101.vrp,tabu,1867.608910185062,1867.608910185062,21612.782066945296,0.0,0.0,8,12223,16110001,1000.0,False,iterations=30000; seed=15032385576; tabuTenure=50; interNeighborhoodType=relocate; intraNeighborhoodType=2opt; vehicleLimit=2147483647,False
resultTABU/Exp51,2026-04-23 17:53:58,data101.vrp,tabu,873.5485090484924,873.5485090484924,12626.958335520769,0.0,0.0,8,264444,281576273,1000.0,False,iterations=30000; seed=15032385576; tabuTenure=40; interNeighborhoodType=relocate; intraNeighborhoodType=relocate; vehicleLimit=2147483647,False
resultTABU/Exp52,2026-04-23 18:43:17,data101.vrp,tabu,912.7094195926104,912.7094195926104,12318.351739556125,0.0,0.0,8,2959329,281551127,1000.0,False,iterations=30000; seed=15032385576; tabuTenure=50; interNeighborhoodType=relocate; intraNeighborhoodType=relocate; vehicleLimit=2147483647,False
resultTABU/Exp53,2026-04-23 18:47:39,data101.vrp,tabu,886.3670010537577,886.3670010537577,14350.503039577869,0.0,0.0,8,260853,281756139,1000.0,False,iterations=30000; seed=15032385576; tabuTenure=60; interNeighborhoodType=relocate; intraNeighborhoodType=relocate; vehicleLimit=2147483647,False
resultTABU/Exp54,2026-04-23 18:51:45,data101.vrp,tabu,919.3676732925431,919.3676732925431,14433.75941357547,0.0,0.0,8,246165,281167063,1000.0,False,iterations=30000; seed=15032385576; tabuTenure=70; interNeighborhoodType=relocate; intraNeighborhoodType=relocate; vehicleLimit=2147483647,False
resultTABU/Exp55,2026-04-23 18:56:09,data101.vrp,tabu,943.348538236309,943.348538236309,12682.953161138035,0.0,0.0,8,262245,281590577,1000.0,False,iterations=30000; seed=15032385577; tabuTenure=50; interNeighborhoodType=relocate; intraNeighborhoodType=relocate; vehicleLimit=2147483647,False
resultTABU/Exp56,2026-04-23 18:57:44,data101.vrp,tabu,1142.8317129227114,1142.8317129227114,14043.883179425477,0.0,0.0,8,94176,130380001,1000.0,False,iterations=30000; seed=15032385577; tabuTenure=50; interNeighborhoodType=exchange; intraNeighborhoodType=relocate; vehicleLimit=2147483647,False
resultTABU/Exp57,2026-04-23 18:57:56,data101.vrp,tabu,1814.6090454672587,1814.6090454672587,19498.66550401336,0.0,0.0,8,11816,15360001,1000.0,False,iterations=30000; seed=15032385577; tabuTenure=50; interNeighborhoodType=relocate; intraNeighborhoodType=2opt; vehicleLimit=2147483647,False
resultTABU/Exp58,2026-04-23 19:02:09,data101.vrp,tabu,934.7314748528124,934.7314748528124,13187.885115004156,0.0,0.0,8,250438,280769015,1000.0,False,iterations=30000; seed=15032385577; tabuTenure=40; interNeighborhoodType=relocate; intraNeighborhoodType=relocate; vehicleLimit=2147483647,False
resultTABU/Exp59,2026-04-23 19:06:22,data101.vrp,tabu,943.348538236309,943.348538236309,12682.953161138035,0.0,0.0,8,252697,281590577,1000.0,False,iterations=30000; seed=15032385577; tabuTenure=50; interNeighborhoodType=relocate; intraNeighborhoodType=relocate; vehicleLimit=2147483647,False
resultTABU/Exp6,2026-04-22 19:44:02,data101.vrp,tabu,1040.3258887374602,1040.3258887374602,14754.459768844245,0.0,0.0,8,243596,281517019,1000.0,False,iterations=30000; seed=15032385570; tabuTenure=50; interNeighborhoodType=relocate; intraNeighborhoodType=relocate; vehicleLimit=2147483647,False
resultTABU/Exp60,2026-04-23 19:10:32,data101.vrp,tabu,943.4982083263772,943.4982083263772,12738.396619019602,0.0,0.0,8,249661,281704895,1000.0,False,iterations=30000; seed=15032385577; tabuTenure=60; interNeighborhoodType=relocate; intraNeighborhoodType=relocate; vehicleLimit=2147483647,False
resultTABU/Exp61,2026-04-24 10:12:31,data101.vrp,tabu,1790.1554748289773,1790.1554748289773,0.0,0.0,0.0,23,532330,352164373,1000.0,True,iterations=30000; seed=15032385570; tabuTenure=40; interNeighborhoodType=relocate; intraNeighborhoodType=relocate; vehicleLimit=2147483647,True
resultTABU/Exp62,2026-04-24 10:18:11,data111.vrp,tabu,1176.1485692085123,1176.1485692085123,0.0,0.0,0.0,15,338289,319542485,1000.0,True,iterations=30000; seed=15032385570; tabuTenure=40; interNeighborhoodType=relocate; intraNeighborhoodType=relocate; vehicleLimit=2147483647,True
resultTABU/Exp63,2026-04-24 10:27:38,data201.vrp,tabu,1311.896031366104,1311.896031366104,0.0,0.0,0.0,14,566007,315948255,1000.0,True,iterations=30000; seed=15032385570; tabuTenure=40; interNeighborhoodType=relocate; intraNeighborhoodType=relocate; vehicleLimit=2147483647,True
resultTABU/Exp7,2026-04-22 19:45:46,data101.vrp,tabu,1263.8499761770404,1263.8499761770404,15409.39022796906,0.0,0.0,8,103267,129540001,1000.0,False,iterations=30000; seed=15032385570; tabuTenure=50; interNeighborhoodType=exchange; intraNeighborhoodType=relocate; vehicleLimit=2147483647,False
resultTABU/Exp8,2026-04-22 19:45:59,data101.vrp,tabu,1788.1251870770482,1788.1251870770482,20397.939852531883,0.0,0.0,8,13282,16170001,1000.0,False,iterations=30000; seed=15032385570; tabuTenure=50; interNeighborhoodType=relocate; intraNeighborhoodType=2opt; vehicleLimit=2147483647,False
resultTABU/Exp9,2026-04-22 19:50:05,data101.vrp,tabu,1040.3258887374602,1040.3258887374602,14754.459768844245,0.0,0.0,8,242917,281529023,1000.0,False,iterations=30000; seed=15032385570; tabuTenure=40; interNeighborhoodType=relocate; intraNeighborhoodType=relocate; vehicleLimit=2147483647,False
